2026-03-19 12:28:17,966 [pyphi.conf] INFO MainProcess: PyPhi v1.2.0
2026-03-19 12:28:17,967 [pyphi.conf] INFO MainProcess: Loaded configuration from ['/home/juan-manoel/Documents/ucaldas/monitorias/analisis 2026-1/Proyecto-20261/GeoMIP/src/Method2_Dynamic_Programming_Reformulation/pyphi_config.yml']
2026-03-19 12:28:17,967 [pyphi.conf] INFO MainProcess: Current PyPhi configuration:
 { 'ASSUME_CUTS_CANNOT_CREATE_NEW_CONCEPTS': False,
  'CACHE_POTENTIAL_PURVIEWS': True,
  'CACHE_REPERTOIRES': True,
  'CACHE_SIAS': False,
  'CACHING_BACKEND': 'fs',
  'CLEAR_SUBSYSTEM_CACHES_AFTER_COMPUTING_SIA': False,
  'CUT_ONE_APPROXIMATION': False,
  'FS_CACHE_DIRECTORY': '__pyphi_cache__',
  'FS_CACHE_VERBOSITY': 0,
  'LOG_FILE': 'pyphi.log',
  'LOG_FILE_LEVEL': 'INFO',
  'LOG_STDOUT_LEVEL': 'WARNING',
  'MAXIMUM_CACHE_MEMORY_PERCENTAGE': 50,
  'MEASURE': 'EMD',
  'MONGODB_CONFIG': { 'collection_name': 'cache',
                      'database_name': 'pyphi',
                      'host': 'localhost',
                      'port': 27017},
  'NUMBER_OF_CORES': -1,
  'PARALLEL_COMPLEX_EVALUATION': False,
  'PARALLEL_CONCEPT_EVALUATION': False,
  'PARALLEL_CUT_EVALUATION': True,
  'PARTITION_TYPE': 'BI',
  'PICK_SMALLEST_PURVIEW': False,
  'PRECISION': 6,
  'PRINT_FRACTIONS': True,
  'PROGRESS_BARS': True,
  'REDIS_CACHE': False,
  'REDIS_CONFIG': {'db': 0, 'host': 'localhost', 'port': 6379, 'test_db': 1},
  'REPR_VERBOSITY': 2,
  'SINGLE_MICRO_NODES_WITH_SELFLOOPS_HAVE_PHI': False,
  'SYSTEM_CUTS': '3.0_STYLE',
  'USE_SMALL_PHI_DIFFERENCE_FOR_CES_DISTANCE': False,
  'VALIDATE_CONDITIONAL_INDEPENDENCE': True,
  'VALIDATE_SUBSYSTEM_STATES': True,
  'WELCOME_OFF': True}
2026-04-03 10:14:52,482 [pyphi.conf] INFO MainProcess: PyPhi v1.2.0
2026-04-03 10:14:52,483 [pyphi.conf] INFO MainProcess: Loaded configuration from ['D:\\Universidad\\Analisis y Diseño de Algoritmos\\Proyecto 2026-1\\projecto-analisis-20261\\GeoMIP\\src\\Method2_Dynamic_Programming_Reformulation\\pyphi_config.yml']
2026-04-03 10:14:52,484 [pyphi.conf] INFO MainProcess: Current PyPhi configuration:
 { 'ASSUME_CUTS_CANNOT_CREATE_NEW_CONCEPTS': False,
  'CACHE_POTENTIAL_PURVIEWS': True,
  'CACHE_REPERTOIRES': True,
  'CACHE_SIAS': False,
  'CACHING_BACKEND': 'fs',
  'CLEAR_SUBSYSTEM_CACHES_AFTER_COMPUTING_SIA': False,
  'CUT_ONE_APPROXIMATION': False,
  'FS_CACHE_DIRECTORY': '__pyphi_cache__',
  'FS_CACHE_VERBOSITY': 0,
  'LOG_FILE': 'pyphi.log',
  'LOG_FILE_LEVEL': 'INFO',
  'LOG_STDOUT_LEVEL': 'WARNING',
  'MAXIMUM_CACHE_MEMORY_PERCENTAGE': 50,
  'MEASURE': 'EMD',
  'MONGODB_CONFIG': { 'collection_name': 'cache',
                      'database_name': 'pyphi',
                      'host': 'localhost',
                      'port': 27017},
  'NUMBER_OF_CORES': -1,
  'PARALLEL_COMPLEX_EVALUATION': False,
  'PARALLEL_CONCEPT_EVALUATION': False,
  'PARALLEL_CUT_EVALUATION': True,
  'PARTITION_TYPE': 'BI',
  'PICK_SMALLEST_PURVIEW': False,
  'PRECISION': 6,
  'PRINT_FRACTIONS': True,
  'PROGRESS_BARS': True,
  'REDIS_CACHE': False,
  'REDIS_CONFIG': {'db': 0, 'host': 'localhost', 'port': 6379, 'test_db': 1},
  'REPR_VERBOSITY': 2,
  'SINGLE_MICRO_NODES_WITH_SELFLOOPS_HAVE_PHI': False,
  'SYSTEM_CUTS': '3.0_STYLE',
  'USE_SMALL_PHI_DIFFERENCE_FOR_CES_DISTANCE': False,
  'VALIDATE_CONDITIONAL_INDEPENDENCE': True,
  'VALIDATE_SUBSYSTEM_STATES': True,
  'WELCOME_OFF': True}
2026-04-03 10:15:55,793 [pyphi.conf] INFO Process-1: PyPhi v1.2.0
2026-04-03 10:15:55,793 [pyphi.conf] INFO Process-1: Loaded configuration from ['D:\\Universidad\\Analisis y Diseño de Algoritmos\\Proyecto 2026-1\\projecto-analisis-20261\\GeoMIP\\src\\Method2_Dynamic_Programming_Reformulation\\pyphi_config.yml']
2026-04-03 10:15:55,794 [pyphi.conf] INFO Process-1: Current PyPhi configuration:
 { 'ASSUME_CUTS_CANNOT_CREATE_NEW_CONCEPTS': False,
  'CACHE_POTENTIAL_PURVIEWS': True,
  'CACHE_REPERTOIRES': True,
  'CACHE_SIAS': False,
  'CACHING_BACKEND': 'fs',
  'CLEAR_SUBSYSTEM_CACHES_AFTER_COMPUTING_SIA': False,
  'CUT_ONE_APPROXIMATION': False,
  'FS_CACHE_DIRECTORY': '__pyphi_cache__',
  'FS_CACHE_VERBOSITY': 0,
  'LOG_FILE': 'pyphi.log',
  'LOG_FILE_LEVEL': 'INFO',
  'LOG_STDOUT_LEVEL': 'WARNING',
  'MAXIMUM_CACHE_MEMORY_PERCENTAGE': 50,
  'MEASURE': 'EMD',
  'MONGODB_CONFIG': { 'collection_name': 'cache',
                      'database_name': 'pyphi',
                      'host': 'localhost',
                      'port': 27017},
  'NUMBER_OF_CORES': -1,
  'PARALLEL_COMPLEX_EVALUATION': False,
  'PARALLEL_CONCEPT_EVALUATION': False,
  'PARALLEL_CUT_EVALUATION': True,
  'PARTITION_TYPE': 'BI',
  'PICK_SMALLEST_PURVIEW': False,
  'PRECISION': 6,
  'PRINT_FRACTIONS': True,
  'PROGRESS_BARS': True,
  'REDIS_CACHE': False,
  'REDIS_CONFIG': {'db': 0, 'host': 'localhost', 'port': 6379, 'test_db': 1},
  'REPR_VERBOSITY': 2,
  'SINGLE_MICRO_NODES_WITH_SELFLOOPS_HAVE_PHI': False,
  'SYSTEM_CUTS': '3.0_STYLE',
  'USE_SMALL_PHI_DIFFERENCE_FOR_CES_DISTANCE': False,
  'VALIDATE_CONDITIONAL_INDEPENDENCE': True,
  'VALIDATE_SUBSYSTEM_STATES': True,
  'WELCOME_OFF': True}
2026-04-03 10:16:06,084 [pyphi.conf] INFO Process-2: PyPhi v1.2.0
2026-04-03 10:16:06,084 [pyphi.conf] INFO Process-2: Loaded configuration from ['D:\\Universidad\\Analisis y Diseño de Algoritmos\\Proyecto 2026-1\\projecto-analisis-20261\\GeoMIP\\src\\Method2_Dynamic_Programming_Reformulation\\pyphi_config.yml']
2026-04-03 10:16:06,085 [pyphi.conf] INFO Process-2: Current PyPhi configuration:
 { 'ASSUME_CUTS_CANNOT_CREATE_NEW_CONCEPTS': False,
  'CACHE_POTENTIAL_PURVIEWS': True,
  'CACHE_REPERTOIRES': True,
  'CACHE_SIAS': False,
  'CACHING_BACKEND': 'fs',
  'CLEAR_SUBSYSTEM_CACHES_AFTER_COMPUTING_SIA': False,
  'CUT_ONE_APPROXIMATION': False,
  'FS_CACHE_DIRECTORY': '__pyphi_cache__',
  'FS_CACHE_VERBOSITY': 0,
  'LOG_FILE': 'pyphi.log',
  'LOG_FILE_LEVEL': 'INFO',
  'LOG_STDOUT_LEVEL': 'WARNING',
  'MAXIMUM_CACHE_MEMORY_PERCENTAGE': 50,
  'MEASURE': 'EMD',
  'MONGODB_CONFIG': { 'collection_name': 'cache',
                      'database_name': 'pyphi',
                      'host': 'localhost',
                      'port': 27017},
  'NUMBER_OF_CORES': -1,
  'PARALLEL_COMPLEX_EVALUATION': False,
  'PARALLEL_CONCEPT_EVALUATION': False,
  'PARALLEL_CUT_EVALUATION': True,
  'PARTITION_TYPE': 'BI',
  'PICK_SMALLEST_PURVIEW': False,
  'PRECISION': 6,
  'PRINT_FRACTIONS': True,
  'PROGRESS_BARS': True,
  'REDIS_CACHE': False,
  'REDIS_CONFIG': {'db': 0, 'host': 'localhost', 'port': 6379, 'test_db': 1},
  'REPR_VERBOSITY': 2,
  'SINGLE_MICRO_NODES_WITH_SELFLOOPS_HAVE_PHI': False,
  'SYSTEM_CUTS': '3.0_STYLE',
  'USE_SMALL_PHI_DIFFERENCE_FOR_CES_DISTANCE': False,
  'VALIDATE_CONDITIONAL_INDEPENDENCE': True,
  'VALIDATE_SUBSYSTEM_STATES': True,
  'WELCOME_OFF': True}
2026-04-03 10:16:16,449 [pyphi.conf] INFO Process-3: PyPhi v1.2.0
2026-04-03 10:16:16,449 [pyphi.conf] INFO Process-3: Loaded configuration from ['D:\\Universidad\\Analisis y Diseño de Algoritmos\\Proyecto 2026-1\\projecto-analisis-20261\\GeoMIP\\src\\Method2_Dynamic_Programming_Reformulation\\pyphi_config.yml']
2026-04-03 10:16:16,449 [pyphi.conf] INFO Process-3: Current PyPhi configuration:
 { 'ASSUME_CUTS_CANNOT_CREATE_NEW_CONCEPTS': False,
  'CACHE_POTENTIAL_PURVIEWS': True,
  'CACHE_REPERTOIRES': True,
  'CACHE_SIAS': False,
  'CACHING_BACKEND': 'fs',
  'CLEAR_SUBSYSTEM_CACHES_AFTER_COMPUTING_SIA': False,
  'CUT_ONE_APPROXIMATION': False,
  'FS_CACHE_DIRECTORY': '__pyphi_cache__',
  'FS_CACHE_VERBOSITY': 0,
  'LOG_FILE': 'pyphi.log',
  'LOG_FILE_LEVEL': 'INFO',
  'LOG_STDOUT_LEVEL': 'WARNING',
  'MAXIMUM_CACHE_MEMORY_PERCENTAGE': 50,
  'MEASURE': 'EMD',
  'MONGODB_CONFIG': { 'collection_name': 'cache',
                      'database_name': 'pyphi',
                      'host': 'localhost',
                      'port': 27017},
  'NUMBER_OF_CORES': -1,
  'PARALLEL_COMPLEX_EVALUATION': False,
  'PARALLEL_CONCEPT_EVALUATION': False,
  'PARALLEL_CUT_EVALUATION': True,
  'PARTITION_TYPE': 'BI',
  'PICK_SMALLEST_PURVIEW': False,
  'PRECISION': 6,
  'PRINT_FRACTIONS': True,
  'PROGRESS_BARS': True,
  'REDIS_CACHE': False,
  'REDIS_CONFIG': {'db': 0, 'host': 'localhost', 'port': 6379, 'test_db': 1},
  'REPR_VERBOSITY': 2,
  'SINGLE_MICRO_NODES_WITH_SELFLOOPS_HAVE_PHI': False,
  'SYSTEM_CUTS': '3.0_STYLE',
  'USE_SMALL_PHI_DIFFERENCE_FOR_CES_DISTANCE': False,
  'VALIDATE_CONDITIONAL_INDEPENDENCE': True,
  'VALIDATE_SUBSYSTEM_STATES': True,
  'WELCOME_OFF': True}
2026-04-03 10:16:23,005 [pyphi.conf] INFO Process-4: PyPhi v1.2.0
2026-04-03 10:16:23,005 [pyphi.conf] INFO Process-4: Loaded configuration from ['D:\\Universidad\\Analisis y Diseño de Algoritmos\\Proyecto 2026-1\\projecto-analisis-20261\\GeoMIP\\src\\Method2_Dynamic_Programming_Reformulation\\pyphi_config.yml']
2026-04-03 10:16:23,005 [pyphi.conf] INFO Process-4: Current PyPhi configuration:
 { 'ASSUME_CUTS_CANNOT_CREATE_NEW_CONCEPTS': False,
  'CACHE_POTENTIAL_PURVIEWS': True,
  'CACHE_REPERTOIRES': True,
  'CACHE_SIAS': False,
  'CACHING_BACKEND': 'fs',
  'CLEAR_SUBSYSTEM_CACHES_AFTER_COMPUTING_SIA': False,
  'CUT_ONE_APPROXIMATION': False,
  'FS_CACHE_DIRECTORY': '__pyphi_cache__',
  'FS_CACHE_VERBOSITY': 0,
  'LOG_FILE': 'pyphi.log',
  'LOG_FILE_LEVEL': 'INFO',
  'LOG_STDOUT_LEVEL': 'WARNING',
  'MAXIMUM_CACHE_MEMORY_PERCENTAGE': 50,
  'MEASURE': 'EMD',
  'MONGODB_CONFIG': { 'collection_name': 'cache',
                      'database_name': 'pyphi',
                      'host': 'localhost',
                      'port': 27017},
  'NUMBER_OF_CORES': -1,
  'PARALLEL_COMPLEX_EVALUATION': False,
  'PARALLEL_CONCEPT_EVALUATION': False,
  'PARALLEL_CUT_EVALUATION': True,
  'PARTITION_TYPE': 'BI',
  'PICK_SMALLEST_PURVIEW': False,
  'PRECISION': 6,
  'PRINT_FRACTIONS': True,
  'PROGRESS_BARS': True,
  'REDIS_CACHE': False,
  'REDIS_CONFIG': {'db': 0, 'host': 'localhost', 'port': 6379, 'test_db': 1},
  'REPR_VERBOSITY': 2,
  'SINGLE_MICRO_NODES_WITH_SELFLOOPS_HAVE_PHI': False,
  'SYSTEM_CUTS': '3.0_STYLE',
  'USE_SMALL_PHI_DIFFERENCE_FOR_CES_DISTANCE': False,
  'VALIDATE_CONDITIONAL_INDEPENDENCE': True,
  'VALIDATE_SUBSYSTEM_STATES': True,
  'WELCOME_OFF': True}
2026-04-03 10:16:29,543 [pyphi.conf] INFO Process-5: PyPhi v1.2.0
2026-04-03 10:16:29,543 [pyphi.conf] INFO Process-5: Loaded configuration from ['D:\\Universidad\\Analisis y Diseño de Algoritmos\\Proyecto 2026-1\\projecto-analisis-20261\\GeoMIP\\src\\Method2_Dynamic_Programming_Reformulation\\pyphi_config.yml']
2026-04-03 10:16:29,545 [pyphi.conf] INFO Process-5: Current PyPhi configuration:
 { 'ASSUME_CUTS_CANNOT_CREATE_NEW_CONCEPTS': False,
  'CACHE_POTENTIAL_PURVIEWS': True,
  'CACHE_REPERTOIRES': True,
  'CACHE_SIAS': False,
  'CACHING_BACKEND': 'fs',
  'CLEAR_SUBSYSTEM_CACHES_AFTER_COMPUTING_SIA': False,
  'CUT_ONE_APPROXIMATION': False,
  'FS_CACHE_DIRECTORY': '__pyphi_cache__',
  'FS_CACHE_VERBOSITY': 0,
  'LOG_FILE': 'pyphi.log',
  'LOG_FILE_LEVEL': 'INFO',
  'LOG_STDOUT_LEVEL': 'WARNING',
  'MAXIMUM_CACHE_MEMORY_PERCENTAGE': 50,
  'MEASURE': 'EMD',
  'MONGODB_CONFIG': { 'collection_name': 'cache',
                      'database_name': 'pyphi',
                      'host': 'localhost',
                      'port': 27017},
  'NUMBER_OF_CORES': -1,
  'PARALLEL_COMPLEX_EVALUATION': False,
  'PARALLEL_CONCEPT_EVALUATION': False,
  'PARALLEL_CUT_EVALUATION': True,
  'PARTITION_TYPE': 'BI',
  'PICK_SMALLEST_PURVIEW': False,
  'PRECISION': 6,
  'PRINT_FRACTIONS': True,
  'PROGRESS_BARS': True,
  'REDIS_CACHE': False,
  'REDIS_CONFIG': {'db': 0, 'host': 'localhost', 'port': 6379, 'test_db': 1},
  'REPR_VERBOSITY': 2,
  'SINGLE_MICRO_NODES_WITH_SELFLOOPS_HAVE_PHI': False,
  'SYSTEM_CUTS': '3.0_STYLE',
  'USE_SMALL_PHI_DIFFERENCE_FOR_CES_DISTANCE': False,
  'VALIDATE_CONDITIONAL_INDEPENDENCE': True,
  'VALIDATE_SUBSYSTEM_STATES': True,
  'WELCOME_OFF': True}
2026-04-03 10:16:33,201 [pyphi.conf] INFO Process-6: PyPhi v1.2.0
2026-04-03 10:16:33,201 [pyphi.conf] INFO Process-6: Loaded configuration from ['D:\\Universidad\\Analisis y Diseño de Algoritmos\\Proyecto 2026-1\\projecto-analisis-20261\\GeoMIP\\src\\Method2_Dynamic_Programming_Reformulation\\pyphi_config.yml']
2026-04-03 10:16:33,202 [pyphi.conf] INFO Process-6: Current PyPhi configuration:
 { 'ASSUME_CUTS_CANNOT_CREATE_NEW_CONCEPTS': False,
  'CACHE_POTENTIAL_PURVIEWS': True,
  'CACHE_REPERTOIRES': True,
  'CACHE_SIAS': False,
  'CACHING_BACKEND': 'fs',
  'CLEAR_SUBSYSTEM_CACHES_AFTER_COMPUTING_SIA': False,
  'CUT_ONE_APPROXIMATION': False,
  'FS_CACHE_DIRECTORY': '__pyphi_cache__',
  'FS_CACHE_VERBOSITY': 0,
  'LOG_FILE': 'pyphi.log',
  'LOG_FILE_LEVEL': 'INFO',
  'LOG_STDOUT_LEVEL': 'WARNING',
  'MAXIMUM_CACHE_MEMORY_PERCENTAGE': 50,
  'MEASURE': 'EMD',
  'MONGODB_CONFIG': { 'collection_name': 'cache',
                      'database_name': 'pyphi',
                      'host': 'localhost',
                      'port': 27017},
  'NUMBER_OF_CORES': -1,
  'PARALLEL_COMPLEX_EVALUATION': False,
  'PARALLEL_CONCEPT_EVALUATION': False,
  'PARALLEL_CUT_EVALUATION': True,
  'PARTITION_TYPE': 'BI',
  'PICK_SMALLEST_PURVIEW': False,
  'PRECISION': 6,
  'PRINT_FRACTIONS': True,
  'PROGRESS_BARS': True,
  'REDIS_CACHE': False,
  'REDIS_CONFIG': {'db': 0, 'host': 'localhost', 'port': 6379, 'test_db': 1},
  'REPR_VERBOSITY': 2,
  'SINGLE_MICRO_NODES_WITH_SELFLOOPS_HAVE_PHI': False,
  'SYSTEM_CUTS': '3.0_STYLE',
  'USE_SMALL_PHI_DIFFERENCE_FOR_CES_DISTANCE': False,
  'VALIDATE_CONDITIONAL_INDEPENDENCE': True,
  'VALIDATE_SUBSYSTEM_STATES': True,
  'WELCOME_OFF': True}
2026-04-03 10:16:36,535 [pyphi.conf] INFO Process-7: PyPhi v1.2.0
2026-04-03 10:16:36,536 [pyphi.conf] INFO Process-7: Loaded configuration from ['D:\\Universidad\\Analisis y Diseño de Algoritmos\\Proyecto 2026-1\\projecto-analisis-20261\\GeoMIP\\src\\Method2_Dynamic_Programming_Reformulation\\pyphi_config.yml']
2026-04-03 10:16:36,536 [pyphi.conf] INFO Process-7: Current PyPhi configuration:
 { 'ASSUME_CUTS_CANNOT_CREATE_NEW_CONCEPTS': False,
  'CACHE_POTENTIAL_PURVIEWS': True,
  'CACHE_REPERTOIRES': True,
  'CACHE_SIAS': False,
  'CACHING_BACKEND': 'fs',
  'CLEAR_SUBSYSTEM_CACHES_AFTER_COMPUTING_SIA': False,
  'CUT_ONE_APPROXIMATION': False,
  'FS_CACHE_DIRECTORY': '__pyphi_cache__',
  'FS_CACHE_VERBOSITY': 0,
  'LOG_FILE': 'pyphi.log',
  'LOG_FILE_LEVEL': 'INFO',
  'LOG_STDOUT_LEVEL': 'WARNING',
  'MAXIMUM_CACHE_MEMORY_PERCENTAGE': 50,
  'MEASURE': 'EMD',
  'MONGODB_CONFIG': { 'collection_name': 'cache',
                      'database_name': 'pyphi',
                      'host': 'localhost',
                      'port': 27017},
  'NUMBER_OF_CORES': -1,
  'PARALLEL_COMPLEX_EVALUATION': False,
  'PARALLEL_CONCEPT_EVALUATION': False,
  'PARALLEL_CUT_EVALUATION': True,
  'PARTITION_TYPE': 'BI',
  'PICK_SMALLEST_PURVIEW': False,
  'PRECISION': 6,
  'PRINT_FRACTIONS': True,
  'PROGRESS_BARS': True,
  'REDIS_CACHE': False,
  'REDIS_CONFIG': {'db': 0, 'host': 'localhost', 'port': 6379, 'test_db': 1},
  'REPR_VERBOSITY': 2,
  'SINGLE_MICRO_NODES_WITH_SELFLOOPS_HAVE_PHI': False,
  'SYSTEM_CUTS': '3.0_STYLE',
  'USE_SMALL_PHI_DIFFERENCE_FOR_CES_DISTANCE': False,
  'VALIDATE_CONDITIONAL_INDEPENDENCE': True,
  'VALIDATE_SUBSYSTEM_STATES': True,
  'WELCOME_OFF': True}
2026-04-03 10:16:39,909 [pyphi.conf] INFO Process-8: PyPhi v1.2.0
2026-04-03 10:16:39,909 [pyphi.conf] INFO Process-8: Loaded configuration from ['D:\\Universidad\\Analisis y Diseño de Algoritmos\\Proyecto 2026-1\\projecto-analisis-20261\\GeoMIP\\src\\Method2_Dynamic_Programming_Reformulation\\pyphi_config.yml']
2026-04-03 10:16:39,909 [pyphi.conf] INFO Process-8: Current PyPhi configuration:
 { 'ASSUME_CUTS_CANNOT_CREATE_NEW_CONCEPTS': False,
  'CACHE_POTENTIAL_PURVIEWS': True,
  'CACHE_REPERTOIRES': True,
  'CACHE_SIAS': False,
  'CACHING_BACKEND': 'fs',
  'CLEAR_SUBSYSTEM_CACHES_AFTER_COMPUTING_SIA': False,
  'CUT_ONE_APPROXIMATION': False,
  'FS_CACHE_DIRECTORY': '__pyphi_cache__',
  'FS_CACHE_VERBOSITY': 0,
  'LOG_FILE': 'pyphi.log',
  'LOG_FILE_LEVEL': 'INFO',
  'LOG_STDOUT_LEVEL': 'WARNING',
  'MAXIMUM_CACHE_MEMORY_PERCENTAGE': 50,
  'MEASURE': 'EMD',
  'MONGODB_CONFIG': { 'collection_name': 'cache',
                      'database_name': 'pyphi',
                      'host': 'localhost',
                      'port': 27017},
  'NUMBER_OF_CORES': -1,
  'PARALLEL_COMPLEX_EVALUATION': False,
  'PARALLEL_CONCEPT_EVALUATION': False,
  'PARALLEL_CUT_EVALUATION': True,
  'PARTITION_TYPE': 'BI',
  'PICK_SMALLEST_PURVIEW': False,
  'PRECISION': 6,
  'PRINT_FRACTIONS': True,
  'PROGRESS_BARS': True,
  'REDIS_CACHE': False,
  'REDIS_CONFIG': {'db': 0, 'host': 'localhost', 'port': 6379, 'test_db': 1},
  'REPR_VERBOSITY': 2,
  'SINGLE_MICRO_NODES_WITH_SELFLOOPS_HAVE_PHI': False,
  'SYSTEM_CUTS': '3.0_STYLE',
  'USE_SMALL_PHI_DIFFERENCE_FOR_CES_DISTANCE': False,
  'VALIDATE_CONDITIONAL_INDEPENDENCE': True,
  'VALIDATE_SUBSYSTEM_STATES': True,
  'WELCOME_OFF': True}
2026-04-03 10:16:49,418 [pyphi.conf] INFO Process-9: PyPhi v1.2.0
2026-04-03 10:16:49,418 [pyphi.conf] INFO Process-9: Loaded configuration from ['D:\\Universidad\\Analisis y Diseño de Algoritmos\\Proyecto 2026-1\\projecto-analisis-20261\\GeoMIP\\src\\Method2_Dynamic_Programming_Reformulation\\pyphi_config.yml']
2026-04-03 10:16:49,418 [pyphi.conf] INFO Process-9: Current PyPhi configuration:
 { 'ASSUME_CUTS_CANNOT_CREATE_NEW_CONCEPTS': False,
  'CACHE_POTENTIAL_PURVIEWS': True,
  'CACHE_REPERTOIRES': True,
  'CACHE_SIAS': False,
  'CACHING_BACKEND': 'fs',
  'CLEAR_SUBSYSTEM_CACHES_AFTER_COMPUTING_SIA': False,
  'CUT_ONE_APPROXIMATION': False,
  'FS_CACHE_DIRECTORY': '__pyphi_cache__',
  'FS_CACHE_VERBOSITY': 0,
  'LOG_FILE': 'pyphi.log',
  'LOG_FILE_LEVEL': 'INFO',
  'LOG_STDOUT_LEVEL': 'WARNING',
  'MAXIMUM_CACHE_MEMORY_PERCENTAGE': 50,
  'MEASURE': 'EMD',
  'MONGODB_CONFIG': { 'collection_name': 'cache',
                      'database_name': 'pyphi',
                      'host': 'localhost',
                      'port': 27017},
  'NUMBER_OF_CORES': -1,
  'PARALLEL_COMPLEX_EVALUATION': False,
  'PARALLEL_CONCEPT_EVALUATION': False,
  'PARALLEL_CUT_EVALUATION': True,
  'PARTITION_TYPE': 'BI',
  'PICK_SMALLEST_PURVIEW': False,
  'PRECISION': 6,
  'PRINT_FRACTIONS': True,
  'PROGRESS_BARS': True,
  'REDIS_CACHE': False,
  'REDIS_CONFIG': {'db': 0, 'host': 'localhost', 'port': 6379, 'test_db': 1},
  'REPR_VERBOSITY': 2,
  'SINGLE_MICRO_NODES_WITH_SELFLOOPS_HAVE_PHI': False,
  'SYSTEM_CUTS': '3.0_STYLE',
  'USE_SMALL_PHI_DIFFERENCE_FOR_CES_DISTANCE': False,
  'VALIDATE_CONDITIONAL_INDEPENDENCE': True,
  'VALIDATE_SUBSYSTEM_STATES': True,
  'WELCOME_OFF': True}
2026-04-03 10:16:58,974 [pyphi.conf] INFO Process-10: PyPhi v1.2.0
2026-04-03 10:16:58,975 [pyphi.conf] INFO Process-10: Loaded configuration from ['D:\\Universidad\\Analisis y Diseño de Algoritmos\\Proyecto 2026-1\\projecto-analisis-20261\\GeoMIP\\src\\Method2_Dynamic_Programming_Reformulation\\pyphi_config.yml']
2026-04-03 10:16:58,975 [pyphi.conf] INFO Process-10: Current PyPhi configuration:
 { 'ASSUME_CUTS_CANNOT_CREATE_NEW_CONCEPTS': False,
  'CACHE_POTENTIAL_PURVIEWS': True,
  'CACHE_REPERTOIRES': True,
  'CACHE_SIAS': False,
  'CACHING_BACKEND': 'fs',
  'CLEAR_SUBSYSTEM_CACHES_AFTER_COMPUTING_SIA': False,
  'CUT_ONE_APPROXIMATION': False,
  'FS_CACHE_DIRECTORY': '__pyphi_cache__',
  'FS_CACHE_VERBOSITY': 0,
  'LOG_FILE': 'pyphi.log',
  'LOG_FILE_LEVEL': 'INFO',
  'LOG_STDOUT_LEVEL': 'WARNING',
  'MAXIMUM_CACHE_MEMORY_PERCENTAGE': 50,
  'MEASURE': 'EMD',
  'MONGODB_CONFIG': { 'collection_name': 'cache',
                      'database_name': 'pyphi',
                      'host': 'localhost',
                      'port': 27017},
  'NUMBER_OF_CORES': -1,
  'PARALLEL_COMPLEX_EVALUATION': False,
  'PARALLEL_CONCEPT_EVALUATION': False,
  'PARALLEL_CUT_EVALUATION': True,
  'PARTITION_TYPE': 'BI',
  'PICK_SMALLEST_PURVIEW': False,
  'PRECISION': 6,
  'PRINT_FRACTIONS': True,
  'PROGRESS_BARS': True,
  'REDIS_CACHE': False,
  'REDIS_CONFIG': {'db': 0, 'host': 'localhost', 'port': 6379, 'test_db': 1},
  'REPR_VERBOSITY': 2,
  'SINGLE_MICRO_NODES_WITH_SELFLOOPS_HAVE_PHI': False,
  'SYSTEM_CUTS': '3.0_STYLE',
  'USE_SMALL_PHI_DIFFERENCE_FOR_CES_DISTANCE': False,
  'VALIDATE_CONDITIONAL_INDEPENDENCE': True,
  'VALIDATE_SUBSYSTEM_STATES': True,
  'WELCOME_OFF': True}
2026-04-03 10:17:05,306 [pyphi.conf] INFO Process-11: PyPhi v1.2.0
2026-04-03 10:17:05,307 [pyphi.conf] INFO Process-11: Loaded configuration from ['D:\\Universidad\\Analisis y Diseño de Algoritmos\\Proyecto 2026-1\\projecto-analisis-20261\\GeoMIP\\src\\Method2_Dynamic_Programming_Reformulation\\pyphi_config.yml']
2026-04-03 10:17:05,307 [pyphi.conf] INFO Process-11: Current PyPhi configuration:
 { 'ASSUME_CUTS_CANNOT_CREATE_NEW_CONCEPTS': False,
  'CACHE_POTENTIAL_PURVIEWS': True,
  'CACHE_REPERTOIRES': True,
  'CACHE_SIAS': False,
  'CACHING_BACKEND': 'fs',
  'CLEAR_SUBSYSTEM_CACHES_AFTER_COMPUTING_SIA': False,
  'CUT_ONE_APPROXIMATION': False,
  'FS_CACHE_DIRECTORY': '__pyphi_cache__',
  'FS_CACHE_VERBOSITY': 0,
  'LOG_FILE': 'pyphi.log',
  'LOG_FILE_LEVEL': 'INFO',
  'LOG_STDOUT_LEVEL': 'WARNING',
  'MAXIMUM_CACHE_MEMORY_PERCENTAGE': 50,
  'MEASURE': 'EMD',
  'MONGODB_CONFIG': { 'collection_name': 'cache',
                      'database_name': 'pyphi',
                      'host': 'localhost',
                      'port': 27017},
  'NUMBER_OF_CORES': -1,
  'PARALLEL_COMPLEX_EVALUATION': False,
  'PARALLEL_CONCEPT_EVALUATION': False,
  'PARALLEL_CUT_EVALUATION': True,
  'PARTITION_TYPE': 'BI',
  'PICK_SMALLEST_PURVIEW': False,
  'PRECISION': 6,
  'PRINT_FRACTIONS': True,
  'PROGRESS_BARS': True,
  'REDIS_CACHE': False,
  'REDIS_CONFIG': {'db': 0, 'host': 'localhost', 'port': 6379, 'test_db': 1},
  'REPR_VERBOSITY': 2,
  'SINGLE_MICRO_NODES_WITH_SELFLOOPS_HAVE_PHI': False,
  'SYSTEM_CUTS': '3.0_STYLE',
  'USE_SMALL_PHI_DIFFERENCE_FOR_CES_DISTANCE': False,
  'VALIDATE_CONDITIONAL_INDEPENDENCE': True,
  'VALIDATE_SUBSYSTEM_STATES': True,
  'WELCOME_OFF': True}
2026-04-03 10:17:11,308 [pyphi.conf] INFO Process-12: PyPhi v1.2.0
2026-04-03 10:17:11,308 [pyphi.conf] INFO Process-12: Loaded configuration from ['D:\\Universidad\\Analisis y Diseño de Algoritmos\\Proyecto 2026-1\\projecto-analisis-20261\\GeoMIP\\src\\Method2_Dynamic_Programming_Reformulation\\pyphi_config.yml']
2026-04-03 10:17:11,308 [pyphi.conf] INFO Process-12: Current PyPhi configuration:
 { 'ASSUME_CUTS_CANNOT_CREATE_NEW_CONCEPTS': False,
  'CACHE_POTENTIAL_PURVIEWS': True,
  'CACHE_REPERTOIRES': True,
  'CACHE_SIAS': False,
  'CACHING_BACKEND': 'fs',
  'CLEAR_SUBSYSTEM_CACHES_AFTER_COMPUTING_SIA': False,
  'CUT_ONE_APPROXIMATION': False,
  'FS_CACHE_DIRECTORY': '__pyphi_cache__',
  'FS_CACHE_VERBOSITY': 0,
  'LOG_FILE': 'pyphi.log',
  'LOG_FILE_LEVEL': 'INFO',
  'LOG_STDOUT_LEVEL': 'WARNING',
  'MAXIMUM_CACHE_MEMORY_PERCENTAGE': 50,
  'MEASURE': 'EMD',
  'MONGODB_CONFIG': { 'collection_name': 'cache',
                      'database_name': 'pyphi',
                      'host': 'localhost',
                      'port': 27017},
  'NUMBER_OF_CORES': -1,
  'PARALLEL_COMPLEX_EVALUATION': False,
  'PARALLEL_CONCEPT_EVALUATION': False,
  'PARALLEL_CUT_EVALUATION': True,
  'PARTITION_TYPE': 'BI',
  'PICK_SMALLEST_PURVIEW': False,
  'PRECISION': 6,
  'PRINT_FRACTIONS': True,
  'PROGRESS_BARS': True,
  'REDIS_CACHE': False,
  'REDIS_CONFIG': {'db': 0, 'host': 'localhost', 'port': 6379, 'test_db': 1},
  'REPR_VERBOSITY': 2,
  'SINGLE_MICRO_NODES_WITH_SELFLOOPS_HAVE_PHI': False,
  'SYSTEM_CUTS': '3.0_STYLE',
  'USE_SMALL_PHI_DIFFERENCE_FOR_CES_DISTANCE': False,
  'VALIDATE_CONDITIONAL_INDEPENDENCE': True,
  'VALIDATE_SUBSYSTEM_STATES': True,
  'WELCOME_OFF': True}
2026-04-03 10:17:14,322 [pyphi.conf] INFO Process-13: PyPhi v1.2.0
2026-04-03 10:17:14,322 [pyphi.conf] INFO Process-13: Loaded configuration from ['D:\\Universidad\\Analisis y Diseño de Algoritmos\\Proyecto 2026-1\\projecto-analisis-20261\\GeoMIP\\src\\Method2_Dynamic_Programming_Reformulation\\pyphi_config.yml']
2026-04-03 10:17:14,323 [pyphi.conf] INFO Process-13: Current PyPhi configuration:
 { 'ASSUME_CUTS_CANNOT_CREATE_NEW_CONCEPTS': False,
  'CACHE_POTENTIAL_PURVIEWS': True,
  'CACHE_REPERTOIRES': True,
  'CACHE_SIAS': False,
  'CACHING_BACKEND': 'fs',
  'CLEAR_SUBSYSTEM_CACHES_AFTER_COMPUTING_SIA': False,
  'CUT_ONE_APPROXIMATION': False,
  'FS_CACHE_DIRECTORY': '__pyphi_cache__',
  'FS_CACHE_VERBOSITY': 0,
  'LOG_FILE': 'pyphi.log',
  'LOG_FILE_LEVEL': 'INFO',
  'LOG_STDOUT_LEVEL': 'WARNING',
  'MAXIMUM_CACHE_MEMORY_PERCENTAGE': 50,
  'MEASURE': 'EMD',
  'MONGODB_CONFIG': { 'collection_name': 'cache',
                      'database_name': 'pyphi',
                      'host': 'localhost',
                      'port': 27017},
  'NUMBER_OF_CORES': -1,
  'PARALLEL_COMPLEX_EVALUATION': False,
  'PARALLEL_CONCEPT_EVALUATION': False,
  'PARALLEL_CUT_EVALUATION': True,
  'PARTITION_TYPE': 'BI',
  'PICK_SMALLEST_PURVIEW': False,
  'PRECISION': 6,
  'PRINT_FRACTIONS': True,
  'PROGRESS_BARS': True,
  'REDIS_CACHE': False,
  'REDIS_CONFIG': {'db': 0, 'host': 'localhost', 'port': 6379, 'test_db': 1},
  'REPR_VERBOSITY': 2,
  'SINGLE_MICRO_NODES_WITH_SELFLOOPS_HAVE_PHI': False,
  'SYSTEM_CUTS': '3.0_STYLE',
  'USE_SMALL_PHI_DIFFERENCE_FOR_CES_DISTANCE': False,
  'VALIDATE_CONDITIONAL_INDEPENDENCE': True,
  'VALIDATE_SUBSYSTEM_STATES': True,
  'WELCOME_OFF': True}
2026-04-03 10:17:17,500 [pyphi.conf] INFO Process-14: PyPhi v1.2.0
2026-04-03 10:17:17,500 [pyphi.conf] INFO Process-14: Loaded configuration from ['D:\\Universidad\\Analisis y Diseño de Algoritmos\\Proyecto 2026-1\\projecto-analisis-20261\\GeoMIP\\src\\Method2_Dynamic_Programming_Reformulation\\pyphi_config.yml']
2026-04-03 10:17:17,501 [pyphi.conf] INFO Process-14: Current PyPhi configuration:
 { 'ASSUME_CUTS_CANNOT_CREATE_NEW_CONCEPTS': False,
  'CACHE_POTENTIAL_PURVIEWS': True,
  'CACHE_REPERTOIRES': True,
  'CACHE_SIAS': False,
  'CACHING_BACKEND': 'fs',
  'CLEAR_SUBSYSTEM_CACHES_AFTER_COMPUTING_SIA': False,
  'CUT_ONE_APPROXIMATION': False,
  'FS_CACHE_DIRECTORY': '__pyphi_cache__',
  'FS_CACHE_VERBOSITY': 0,
  'LOG_FILE': 'pyphi.log',
  'LOG_FILE_LEVEL': 'INFO',
  'LOG_STDOUT_LEVEL': 'WARNING',
  'MAXIMUM_CACHE_MEMORY_PERCENTAGE': 50,
  'MEASURE': 'EMD',
  'MONGODB_CONFIG': { 'collection_name': 'cache',
                      'database_name': 'pyphi',
                      'host': 'localhost',
                      'port': 27017},
  'NUMBER_OF_CORES': -1,
  'PARALLEL_COMPLEX_EVALUATION': False,
  'PARALLEL_CONCEPT_EVALUATION': False,
  'PARALLEL_CUT_EVALUATION': True,
  'PARTITION_TYPE': 'BI',
  'PICK_SMALLEST_PURVIEW': False,
  'PRECISION': 6,
  'PRINT_FRACTIONS': True,
  'PROGRESS_BARS': True,
  'REDIS_CACHE': False,
  'REDIS_CONFIG': {'db': 0, 'host': 'localhost', 'port': 6379, 'test_db': 1},
  'REPR_VERBOSITY': 2,
  'SINGLE_MICRO_NODES_WITH_SELFLOOPS_HAVE_PHI': False,
  'SYSTEM_CUTS': '3.0_STYLE',
  'USE_SMALL_PHI_DIFFERENCE_FOR_CES_DISTANCE': False,
  'VALIDATE_CONDITIONAL_INDEPENDENCE': True,
  'VALIDATE_SUBSYSTEM_STATES': True,
  'WELCOME_OFF': True}
2026-04-03 10:17:20,682 [pyphi.conf] INFO Process-15: PyPhi v1.2.0
2026-04-03 10:17:20,683 [pyphi.conf] INFO Process-15: Loaded configuration from ['D:\\Universidad\\Analisis y Diseño de Algoritmos\\Proyecto 2026-1\\projecto-analisis-20261\\GeoMIP\\src\\Method2_Dynamic_Programming_Reformulation\\pyphi_config.yml']
2026-04-03 10:17:20,683 [pyphi.conf] INFO Process-15: Current PyPhi configuration:
 { 'ASSUME_CUTS_CANNOT_CREATE_NEW_CONCEPTS': False,
  'CACHE_POTENTIAL_PURVIEWS': True,
  'CACHE_REPERTOIRES': True,
  'CACHE_SIAS': False,
  'CACHING_BACKEND': 'fs',
  'CLEAR_SUBSYSTEM_CACHES_AFTER_COMPUTING_SIA': False,
  'CUT_ONE_APPROXIMATION': False,
  'FS_CACHE_DIRECTORY': '__pyphi_cache__',
  'FS_CACHE_VERBOSITY': 0,
  'LOG_FILE': 'pyphi.log',
  'LOG_FILE_LEVEL': 'INFO',
  'LOG_STDOUT_LEVEL': 'WARNING',
  'MAXIMUM_CACHE_MEMORY_PERCENTAGE': 50,
  'MEASURE': 'EMD',
  'MONGODB_CONFIG': { 'collection_name': 'cache',
                      'database_name': 'pyphi',
                      'host': 'localhost',
                      'port': 27017},
  'NUMBER_OF_CORES': -1,
  'PARALLEL_COMPLEX_EVALUATION': False,
  'PARALLEL_CONCEPT_EVALUATION': False,
  'PARALLEL_CUT_EVALUATION': True,
  'PARTITION_TYPE': 'BI',
  'PICK_SMALLEST_PURVIEW': False,
  'PRECISION': 6,
  'PRINT_FRACTIONS': True,
  'PROGRESS_BARS': True,
  'REDIS_CACHE': False,
  'REDIS_CONFIG': {'db': 0, 'host': 'localhost', 'port': 6379, 'test_db': 1},
  'REPR_VERBOSITY': 2,
  'SINGLE_MICRO_NODES_WITH_SELFLOOPS_HAVE_PHI': False,
  'SYSTEM_CUTS': '3.0_STYLE',
  'USE_SMALL_PHI_DIFFERENCE_FOR_CES_DISTANCE': False,
  'VALIDATE_CONDITIONAL_INDEPENDENCE': True,
  'VALIDATE_SUBSYSTEM_STATES': True,
  'WELCOME_OFF': True}
2026-04-03 10:17:29,904 [pyphi.conf] INFO Process-16: PyPhi v1.2.0
2026-04-03 10:17:29,904 [pyphi.conf] INFO Process-16: Loaded configuration from ['D:\\Universidad\\Analisis y Diseño de Algoritmos\\Proyecto 2026-1\\projecto-analisis-20261\\GeoMIP\\src\\Method2_Dynamic_Programming_Reformulation\\pyphi_config.yml']
2026-04-03 10:17:29,905 [pyphi.conf] INFO Process-16: Current PyPhi configuration:
 { 'ASSUME_CUTS_CANNOT_CREATE_NEW_CONCEPTS': False,
  'CACHE_POTENTIAL_PURVIEWS': True,
  'CACHE_REPERTOIRES': True,
  'CACHE_SIAS': False,
  'CACHING_BACKEND': 'fs',
  'CLEAR_SUBSYSTEM_CACHES_AFTER_COMPUTING_SIA': False,
  'CUT_ONE_APPROXIMATION': False,
  'FS_CACHE_DIRECTORY': '__pyphi_cache__',
  'FS_CACHE_VERBOSITY': 0,
  'LOG_FILE': 'pyphi.log',
  'LOG_FILE_LEVEL': 'INFO',
  'LOG_STDOUT_LEVEL': 'WARNING',
  'MAXIMUM_CACHE_MEMORY_PERCENTAGE': 50,
  'MEASURE': 'EMD',
  'MONGODB_CONFIG': { 'collection_name': 'cache',
                      'database_name': 'pyphi',
                      'host': 'localhost',
                      'port': 27017},
  'NUMBER_OF_CORES': -1,
  'PARALLEL_COMPLEX_EVALUATION': False,
  'PARALLEL_CONCEPT_EVALUATION': False,
  'PARALLEL_CUT_EVALUATION': True,
  'PARTITION_TYPE': 'BI',
  'PICK_SMALLEST_PURVIEW': False,
  'PRECISION': 6,
  'PRINT_FRACTIONS': True,
  'PROGRESS_BARS': True,
  'REDIS_CACHE': False,
  'REDIS_CONFIG': {'db': 0, 'host': 'localhost', 'port': 6379, 'test_db': 1},
  'REPR_VERBOSITY': 2,
  'SINGLE_MICRO_NODES_WITH_SELFLOOPS_HAVE_PHI': False,
  'SYSTEM_CUTS': '3.0_STYLE',
  'USE_SMALL_PHI_DIFFERENCE_FOR_CES_DISTANCE': False,
  'VALIDATE_CONDITIONAL_INDEPENDENCE': True,
  'VALIDATE_SUBSYSTEM_STATES': True,
  'WELCOME_OFF': True}
2026-04-03 10:17:39,733 [pyphi.conf] INFO Process-17: PyPhi v1.2.0
2026-04-03 10:17:39,734 [pyphi.conf] INFO Process-17: Loaded configuration from ['D:\\Universidad\\Analisis y Diseño de Algoritmos\\Proyecto 2026-1\\projecto-analisis-20261\\GeoMIP\\src\\Method2_Dynamic_Programming_Reformulation\\pyphi_config.yml']
2026-04-03 10:17:39,734 [pyphi.conf] INFO Process-17: Current PyPhi configuration:
 { 'ASSUME_CUTS_CANNOT_CREATE_NEW_CONCEPTS': False,
  'CACHE_POTENTIAL_PURVIEWS': True,
  'CACHE_REPERTOIRES': True,
  'CACHE_SIAS': False,
  'CACHING_BACKEND': 'fs',
  'CLEAR_SUBSYSTEM_CACHES_AFTER_COMPUTING_SIA': False,
  'CUT_ONE_APPROXIMATION': False,
  'FS_CACHE_DIRECTORY': '__pyphi_cache__',
  'FS_CACHE_VERBOSITY': 0,
  'LOG_FILE': 'pyphi.log',
  'LOG_FILE_LEVEL': 'INFO',
  'LOG_STDOUT_LEVEL': 'WARNING',
  'MAXIMUM_CACHE_MEMORY_PERCENTAGE': 50,
  'MEASURE': 'EMD',
  'MONGODB_CONFIG': { 'collection_name': 'cache',
                      'database_name': 'pyphi',
                      'host': 'localhost',
                      'port': 27017},
  'NUMBER_OF_CORES': -1,
  'PARALLEL_COMPLEX_EVALUATION': False,
  'PARALLEL_CONCEPT_EVALUATION': False,
  'PARALLEL_CUT_EVALUATION': True,
  'PARTITION_TYPE': 'BI',
  'PICK_SMALLEST_PURVIEW': False,
  'PRECISION': 6,
  'PRINT_FRACTIONS': True,
  'PROGRESS_BARS': True,
  'REDIS_CACHE': False,
  'REDIS_CONFIG': {'db': 0, 'host': 'localhost', 'port': 6379, 'test_db': 1},
  'REPR_VERBOSITY': 2,
  'SINGLE_MICRO_NODES_WITH_SELFLOOPS_HAVE_PHI': False,
  'SYSTEM_CUTS': '3.0_STYLE',
  'USE_SMALL_PHI_DIFFERENCE_FOR_CES_DISTANCE': False,
  'VALIDATE_CONDITIONAL_INDEPENDENCE': True,
  'VALIDATE_SUBSYSTEM_STATES': True,
  'WELCOME_OFF': True}
2026-04-03 10:17:46,164 [pyphi.conf] INFO Process-18: PyPhi v1.2.0
2026-04-03 10:17:46,165 [pyphi.conf] INFO Process-18: Loaded configuration from ['D:\\Universidad\\Analisis y Diseño de Algoritmos\\Proyecto 2026-1\\projecto-analisis-20261\\GeoMIP\\src\\Method2_Dynamic_Programming_Reformulation\\pyphi_config.yml']
2026-04-03 10:17:46,165 [pyphi.conf] INFO Process-18: Current PyPhi configuration:
 { 'ASSUME_CUTS_CANNOT_CREATE_NEW_CONCEPTS': False,
  'CACHE_POTENTIAL_PURVIEWS': True,
  'CACHE_REPERTOIRES': True,
  'CACHE_SIAS': False,
  'CACHING_BACKEND': 'fs',
  'CLEAR_SUBSYSTEM_CACHES_AFTER_COMPUTING_SIA': False,
  'CUT_ONE_APPROXIMATION': False,
  'FS_CACHE_DIRECTORY': '__pyphi_cache__',
  'FS_CACHE_VERBOSITY': 0,
  'LOG_FILE': 'pyphi.log',
  'LOG_FILE_LEVEL': 'INFO',
  'LOG_STDOUT_LEVEL': 'WARNING',
  'MAXIMUM_CACHE_MEMORY_PERCENTAGE': 50,
  'MEASURE': 'EMD',
  'MONGODB_CONFIG': { 'collection_name': 'cache',
                      'database_name': 'pyphi',
                      'host': 'localhost',
                      'port': 27017},
  'NUMBER_OF_CORES': -1,
  'PARALLEL_COMPLEX_EVALUATION': False,
  'PARALLEL_CONCEPT_EVALUATION': False,
  'PARALLEL_CUT_EVALUATION': True,
  'PARTITION_TYPE': 'BI',
  'PICK_SMALLEST_PURVIEW': False,
  'PRECISION': 6,
  'PRINT_FRACTIONS': True,
  'PROGRESS_BARS': True,
  'REDIS_CACHE': False,
  'REDIS_CONFIG': {'db': 0, 'host': 'localhost', 'port': 6379, 'test_db': 1},
  'REPR_VERBOSITY': 2,
  'SINGLE_MICRO_NODES_WITH_SELFLOOPS_HAVE_PHI': False,
  'SYSTEM_CUTS': '3.0_STYLE',
  'USE_SMALL_PHI_DIFFERENCE_FOR_CES_DISTANCE': False,
  'VALIDATE_CONDITIONAL_INDEPENDENCE': True,
  'VALIDATE_SUBSYSTEM_STATES': True,
  'WELCOME_OFF': True}
2026-04-03 10:17:52,608 [pyphi.conf] INFO Process-19: PyPhi v1.2.0
2026-04-03 10:17:52,609 [pyphi.conf] INFO Process-19: Loaded configuration from ['D:\\Universidad\\Analisis y Diseño de Algoritmos\\Proyecto 2026-1\\projecto-analisis-20261\\GeoMIP\\src\\Method2_Dynamic_Programming_Reformulation\\pyphi_config.yml']
2026-04-03 10:17:52,609 [pyphi.conf] INFO Process-19: Current PyPhi configuration:
 { 'ASSUME_CUTS_CANNOT_CREATE_NEW_CONCEPTS': False,
  'CACHE_POTENTIAL_PURVIEWS': True,
  'CACHE_REPERTOIRES': True,
  'CACHE_SIAS': False,
  'CACHING_BACKEND': 'fs',
  'CLEAR_SUBSYSTEM_CACHES_AFTER_COMPUTING_SIA': False,
  'CUT_ONE_APPROXIMATION': False,
  'FS_CACHE_DIRECTORY': '__pyphi_cache__',
  'FS_CACHE_VERBOSITY': 0,
  'LOG_FILE': 'pyphi.log',
  'LOG_FILE_LEVEL': 'INFO',
  'LOG_STDOUT_LEVEL': 'WARNING',
  'MAXIMUM_CACHE_MEMORY_PERCENTAGE': 50,
  'MEASURE': 'EMD',
  'MONGODB_CONFIG': { 'collection_name': 'cache',
                      'database_name': 'pyphi',
                      'host': 'localhost',
                      'port': 27017},
  'NUMBER_OF_CORES': -1,
  'PARALLEL_COMPLEX_EVALUATION': False,
  'PARALLEL_CONCEPT_EVALUATION': False,
  'PARALLEL_CUT_EVALUATION': True,
  'PARTITION_TYPE': 'BI',
  'PICK_SMALLEST_PURVIEW': False,
  'PRECISION': 6,
  'PRINT_FRACTIONS': True,
  'PROGRESS_BARS': True,
  'REDIS_CACHE': False,
  'REDIS_CONFIG': {'db': 0, 'host': 'localhost', 'port': 6379, 'test_db': 1},
  'REPR_VERBOSITY': 2,
  'SINGLE_MICRO_NODES_WITH_SELFLOOPS_HAVE_PHI': False,
  'SYSTEM_CUTS': '3.0_STYLE',
  'USE_SMALL_PHI_DIFFERENCE_FOR_CES_DISTANCE': False,
  'VALIDATE_CONDITIONAL_INDEPENDENCE': True,
  'VALIDATE_SUBSYSTEM_STATES': True,
  'WELCOME_OFF': True}
2026-04-03 10:17:56,422 [pyphi.conf] INFO Process-20: PyPhi v1.2.0
2026-04-03 10:17:56,423 [pyphi.conf] INFO Process-20: Loaded configuration from ['D:\\Universidad\\Analisis y Diseño de Algoritmos\\Proyecto 2026-1\\projecto-analisis-20261\\GeoMIP\\src\\Method2_Dynamic_Programming_Reformulation\\pyphi_config.yml']
2026-04-03 10:17:56,423 [pyphi.conf] INFO Process-20: Current PyPhi configuration:
 { 'ASSUME_CUTS_CANNOT_CREATE_NEW_CONCEPTS': False,
  'CACHE_POTENTIAL_PURVIEWS': True,
  'CACHE_REPERTOIRES': True,
  'CACHE_SIAS': False,
  'CACHING_BACKEND': 'fs',
  'CLEAR_SUBSYSTEM_CACHES_AFTER_COMPUTING_SIA': False,
  'CUT_ONE_APPROXIMATION': False,
  'FS_CACHE_DIRECTORY': '__pyphi_cache__',
  'FS_CACHE_VERBOSITY': 0,
  'LOG_FILE': 'pyphi.log',
  'LOG_FILE_LEVEL': 'INFO',
  'LOG_STDOUT_LEVEL': 'WARNING',
  'MAXIMUM_CACHE_MEMORY_PERCENTAGE': 50,
  'MEASURE': 'EMD',
  'MONGODB_CONFIG': { 'collection_name': 'cache',
                      'database_name': 'pyphi',
                      'host': 'localhost',
                      'port': 27017},
  'NUMBER_OF_CORES': -1,
  'PARALLEL_COMPLEX_EVALUATION': False,
  'PARALLEL_CONCEPT_EVALUATION': False,
  'PARALLEL_CUT_EVALUATION': True,
  'PARTITION_TYPE': 'BI',
  'PICK_SMALLEST_PURVIEW': False,
  'PRECISION': 6,
  'PRINT_FRACTIONS': True,
  'PROGRESS_BARS': True,
  'REDIS_CACHE': False,
  'REDIS_CONFIG': {'db': 0, 'host': 'localhost', 'port': 6379, 'test_db': 1},
  'REPR_VERBOSITY': 2,
  'SINGLE_MICRO_NODES_WITH_SELFLOOPS_HAVE_PHI': False,
  'SYSTEM_CUTS': '3.0_STYLE',
  'USE_SMALL_PHI_DIFFERENCE_FOR_CES_DISTANCE': False,
  'VALIDATE_CONDITIONAL_INDEPENDENCE': True,
  'VALIDATE_SUBSYSTEM_STATES': True,
  'WELCOME_OFF': True}
2026-04-03 10:17:59,721 [pyphi.conf] INFO Process-21: PyPhi v1.2.0
2026-04-03 10:17:59,721 [pyphi.conf] INFO Process-21: Loaded configuration from ['D:\\Universidad\\Analisis y Diseño de Algoritmos\\Proyecto 2026-1\\projecto-analisis-20261\\GeoMIP\\src\\Method2_Dynamic_Programming_Reformulation\\pyphi_config.yml']
2026-04-03 10:17:59,721 [pyphi.conf] INFO Process-21: Current PyPhi configuration:
 { 'ASSUME_CUTS_CANNOT_CREATE_NEW_CONCEPTS': False,
  'CACHE_POTENTIAL_PURVIEWS': True,
  'CACHE_REPERTOIRES': True,
  'CACHE_SIAS': False,
  'CACHING_BACKEND': 'fs',
  'CLEAR_SUBSYSTEM_CACHES_AFTER_COMPUTING_SIA': False,
  'CUT_ONE_APPROXIMATION': False,
  'FS_CACHE_DIRECTORY': '__pyphi_cache__',
  'FS_CACHE_VERBOSITY': 0,
  'LOG_FILE': 'pyphi.log',
  'LOG_FILE_LEVEL': 'INFO',
  'LOG_STDOUT_LEVEL': 'WARNING',
  'MAXIMUM_CACHE_MEMORY_PERCENTAGE': 50,
  'MEASURE': 'EMD',
  'MONGODB_CONFIG': { 'collection_name': 'cache',
                      'database_name': 'pyphi',
                      'host': 'localhost',
                      'port': 27017},
  'NUMBER_OF_CORES': -1,
  'PARALLEL_COMPLEX_EVALUATION': False,
  'PARALLEL_CONCEPT_EVALUATION': False,
  'PARALLEL_CUT_EVALUATION': True,
  'PARTITION_TYPE': 'BI',
  'PICK_SMALLEST_PURVIEW': False,
  'PRECISION': 6,
  'PRINT_FRACTIONS': True,
  'PROGRESS_BARS': True,
  'REDIS_CACHE': False,
  'REDIS_CONFIG': {'db': 0, 'host': 'localhost', 'port': 6379, 'test_db': 1},
  'REPR_VERBOSITY': 2,
  'SINGLE_MICRO_NODES_WITH_SELFLOOPS_HAVE_PHI': False,
  'SYSTEM_CUTS': '3.0_STYLE',
  'USE_SMALL_PHI_DIFFERENCE_FOR_CES_DISTANCE': False,
  'VALIDATE_CONDITIONAL_INDEPENDENCE': True,
  'VALIDATE_SUBSYSTEM_STATES': True,
  'WELCOME_OFF': True}
2026-04-03 10:18:03,092 [pyphi.conf] INFO Process-22: PyPhi v1.2.0
2026-04-03 10:18:03,092 [pyphi.conf] INFO Process-22: Loaded configuration from ['D:\\Universidad\\Analisis y Diseño de Algoritmos\\Proyecto 2026-1\\projecto-analisis-20261\\GeoMIP\\src\\Method2_Dynamic_Programming_Reformulation\\pyphi_config.yml']
2026-04-03 10:18:03,092 [pyphi.conf] INFO Process-22: Current PyPhi configuration:
 { 'ASSUME_CUTS_CANNOT_CREATE_NEW_CONCEPTS': False,
  'CACHE_POTENTIAL_PURVIEWS': True,
  'CACHE_REPERTOIRES': True,
  'CACHE_SIAS': False,
  'CACHING_BACKEND': 'fs',
  'CLEAR_SUBSYSTEM_CACHES_AFTER_COMPUTING_SIA': False,
  'CUT_ONE_APPROXIMATION': False,
  'FS_CACHE_DIRECTORY': '__pyphi_cache__',
  'FS_CACHE_VERBOSITY': 0,
  'LOG_FILE': 'pyphi.log',
  'LOG_FILE_LEVEL': 'INFO',
  'LOG_STDOUT_LEVEL': 'WARNING',
  'MAXIMUM_CACHE_MEMORY_PERCENTAGE': 50,
  'MEASURE': 'EMD',
  'MONGODB_CONFIG': { 'collection_name': 'cache',
                      'database_name': 'pyphi',
                      'host': 'localhost',
                      'port': 27017},
  'NUMBER_OF_CORES': -1,
  'PARALLEL_COMPLEX_EVALUATION': False,
  'PARALLEL_CONCEPT_EVALUATION': False,
  'PARALLEL_CUT_EVALUATION': True,
  'PARTITION_TYPE': 'BI',
  'PICK_SMALLEST_PURVIEW': False,
  'PRECISION': 6,
  'PRINT_FRACTIONS': True,
  'PROGRESS_BARS': True,
  'REDIS_CACHE': False,
  'REDIS_CONFIG': {'db': 0, 'host': 'localhost', 'port': 6379, 'test_db': 1},
  'REPR_VERBOSITY': 2,
  'SINGLE_MICRO_NODES_WITH_SELFLOOPS_HAVE_PHI': False,
  'SYSTEM_CUTS': '3.0_STYLE',
  'USE_SMALL_PHI_DIFFERENCE_FOR_CES_DISTANCE': False,
  'VALIDATE_CONDITIONAL_INDEPENDENCE': True,
  'VALIDATE_SUBSYSTEM_STATES': True,
  'WELCOME_OFF': True}
2026-04-03 10:18:13,016 [pyphi.conf] INFO Process-23: PyPhi v1.2.0
2026-04-03 10:18:13,016 [pyphi.conf] INFO Process-23: Loaded configuration from ['D:\\Universidad\\Analisis y Diseño de Algoritmos\\Proyecto 2026-1\\projecto-analisis-20261\\GeoMIP\\src\\Method2_Dynamic_Programming_Reformulation\\pyphi_config.yml']
2026-04-03 10:18:13,017 [pyphi.conf] INFO Process-23: Current PyPhi configuration:
 { 'ASSUME_CUTS_CANNOT_CREATE_NEW_CONCEPTS': False,
  'CACHE_POTENTIAL_PURVIEWS': True,
  'CACHE_REPERTOIRES': True,
  'CACHE_SIAS': False,
  'CACHING_BACKEND': 'fs',
  'CLEAR_SUBSYSTEM_CACHES_AFTER_COMPUTING_SIA': False,
  'CUT_ONE_APPROXIMATION': False,
  'FS_CACHE_DIRECTORY': '__pyphi_cache__',
  'FS_CACHE_VERBOSITY': 0,
  'LOG_FILE': 'pyphi.log',
  'LOG_FILE_LEVEL': 'INFO',
  'LOG_STDOUT_LEVEL': 'WARNING',
  'MAXIMUM_CACHE_MEMORY_PERCENTAGE': 50,
  'MEASURE': 'EMD',
  'MONGODB_CONFIG': { 'collection_name': 'cache',
                      'database_name': 'pyphi',
                      'host': 'localhost',
                      'port': 27017},
  'NUMBER_OF_CORES': -1,
  'PARALLEL_COMPLEX_EVALUATION': False,
  'PARALLEL_CONCEPT_EVALUATION': False,
  'PARALLEL_CUT_EVALUATION': True,
  'PARTITION_TYPE': 'BI',
  'PICK_SMALLEST_PURVIEW': False,
  'PRECISION': 6,
  'PRINT_FRACTIONS': True,
  'PROGRESS_BARS': True,
  'REDIS_CACHE': False,
  'REDIS_CONFIG': {'db': 0, 'host': 'localhost', 'port': 6379, 'test_db': 1},
  'REPR_VERBOSITY': 2,
  'SINGLE_MICRO_NODES_WITH_SELFLOOPS_HAVE_PHI': False,
  'SYSTEM_CUTS': '3.0_STYLE',
  'USE_SMALL_PHI_DIFFERENCE_FOR_CES_DISTANCE': False,
  'VALIDATE_CONDITIONAL_INDEPENDENCE': True,
  'VALIDATE_SUBSYSTEM_STATES': True,
  'WELCOME_OFF': True}
2026-04-03 10:18:22,194 [pyphi.conf] INFO Process-24: PyPhi v1.2.0
2026-04-03 10:18:22,194 [pyphi.conf] INFO Process-24: Loaded configuration from ['D:\\Universidad\\Analisis y Diseño de Algoritmos\\Proyecto 2026-1\\projecto-analisis-20261\\GeoMIP\\src\\Method2_Dynamic_Programming_Reformulation\\pyphi_config.yml']
2026-04-03 10:18:22,194 [pyphi.conf] INFO Process-24: Current PyPhi configuration:
 { 'ASSUME_CUTS_CANNOT_CREATE_NEW_CONCEPTS': False,
  'CACHE_POTENTIAL_PURVIEWS': True,
  'CACHE_REPERTOIRES': True,
  'CACHE_SIAS': False,
  'CACHING_BACKEND': 'fs',
  'CLEAR_SUBSYSTEM_CACHES_AFTER_COMPUTING_SIA': False,
  'CUT_ONE_APPROXIMATION': False,
  'FS_CACHE_DIRECTORY': '__pyphi_cache__',
  'FS_CACHE_VERBOSITY': 0,
  'LOG_FILE': 'pyphi.log',
  'LOG_FILE_LEVEL': 'INFO',
  'LOG_STDOUT_LEVEL': 'WARNING',
  'MAXIMUM_CACHE_MEMORY_PERCENTAGE': 50,
  'MEASURE': 'EMD',
  'MONGODB_CONFIG': { 'collection_name': 'cache',
                      'database_name': 'pyphi',
                      'host': 'localhost',
                      'port': 27017},
  'NUMBER_OF_CORES': -1,
  'PARALLEL_COMPLEX_EVALUATION': False,
  'PARALLEL_CONCEPT_EVALUATION': False,
  'PARALLEL_CUT_EVALUATION': True,
  'PARTITION_TYPE': 'BI',
  'PICK_SMALLEST_PURVIEW': False,
  'PRECISION': 6,
  'PRINT_FRACTIONS': True,
  'PROGRESS_BARS': True,
  'REDIS_CACHE': False,
  'REDIS_CONFIG': {'db': 0, 'host': 'localhost', 'port': 6379, 'test_db': 1},
  'REPR_VERBOSITY': 2,
  'SINGLE_MICRO_NODES_WITH_SELFLOOPS_HAVE_PHI': False,
  'SYSTEM_CUTS': '3.0_STYLE',
  'USE_SMALL_PHI_DIFFERENCE_FOR_CES_DISTANCE': False,
  'VALIDATE_CONDITIONAL_INDEPENDENCE': True,
  'VALIDATE_SUBSYSTEM_STATES': True,
  'WELCOME_OFF': True}
2026-04-03 10:18:28,639 [pyphi.conf] INFO Process-25: PyPhi v1.2.0
2026-04-03 10:18:28,639 [pyphi.conf] INFO Process-25: Loaded configuration from ['D:\\Universidad\\Analisis y Diseño de Algoritmos\\Proyecto 2026-1\\projecto-analisis-20261\\GeoMIP\\src\\Method2_Dynamic_Programming_Reformulation\\pyphi_config.yml']
2026-04-03 10:18:28,639 [pyphi.conf] INFO Process-25: Current PyPhi configuration:
 { 'ASSUME_CUTS_CANNOT_CREATE_NEW_CONCEPTS': False,
  'CACHE_POTENTIAL_PURVIEWS': True,
  'CACHE_REPERTOIRES': True,
  'CACHE_SIAS': False,
  'CACHING_BACKEND': 'fs',
  'CLEAR_SUBSYSTEM_CACHES_AFTER_COMPUTING_SIA': False,
  'CUT_ONE_APPROXIMATION': False,
  'FS_CACHE_DIRECTORY': '__pyphi_cache__',
  'FS_CACHE_VERBOSITY': 0,
  'LOG_FILE': 'pyphi.log',
  'LOG_FILE_LEVEL': 'INFO',
  'LOG_STDOUT_LEVEL': 'WARNING',
  'MAXIMUM_CACHE_MEMORY_PERCENTAGE': 50,
  'MEASURE': 'EMD',
  'MONGODB_CONFIG': { 'collection_name': 'cache',
                      'database_name': 'pyphi',
                      'host': 'localhost',
                      'port': 27017},
  'NUMBER_OF_CORES': -1,
  'PARALLEL_COMPLEX_EVALUATION': False,
  'PARALLEL_CONCEPT_EVALUATION': False,
  'PARALLEL_CUT_EVALUATION': True,
  'PARTITION_TYPE': 'BI',
  'PICK_SMALLEST_PURVIEW': False,
  'PRECISION': 6,
  'PRINT_FRACTIONS': True,
  'PROGRESS_BARS': True,
  'REDIS_CACHE': False,
  'REDIS_CONFIG': {'db': 0, 'host': 'localhost', 'port': 6379, 'test_db': 1},
  'REPR_VERBOSITY': 2,
  'SINGLE_MICRO_NODES_WITH_SELFLOOPS_HAVE_PHI': False,
  'SYSTEM_CUTS': '3.0_STYLE',
  'USE_SMALL_PHI_DIFFERENCE_FOR_CES_DISTANCE': False,
  'VALIDATE_CONDITIONAL_INDEPENDENCE': True,
  'VALIDATE_SUBSYSTEM_STATES': True,
  'WELCOME_OFF': True}
2026-04-03 10:18:34,948 [pyphi.conf] INFO Process-26: PyPhi v1.2.0
2026-04-03 10:18:34,948 [pyphi.conf] INFO Process-26: Loaded configuration from ['D:\\Universidad\\Analisis y Diseño de Algoritmos\\Proyecto 2026-1\\projecto-analisis-20261\\GeoMIP\\src\\Method2_Dynamic_Programming_Reformulation\\pyphi_config.yml']
2026-04-03 10:18:34,949 [pyphi.conf] INFO Process-26: Current PyPhi configuration:
 { 'ASSUME_CUTS_CANNOT_CREATE_NEW_CONCEPTS': False,
  'CACHE_POTENTIAL_PURVIEWS': True,
  'CACHE_REPERTOIRES': True,
  'CACHE_SIAS': False,
  'CACHING_BACKEND': 'fs',
  'CLEAR_SUBSYSTEM_CACHES_AFTER_COMPUTING_SIA': False,
  'CUT_ONE_APPROXIMATION': False,
  'FS_CACHE_DIRECTORY': '__pyphi_cache__',
  'FS_CACHE_VERBOSITY': 0,
  'LOG_FILE': 'pyphi.log',
  'LOG_FILE_LEVEL': 'INFO',
  'LOG_STDOUT_LEVEL': 'WARNING',
  'MAXIMUM_CACHE_MEMORY_PERCENTAGE': 50,
  'MEASURE': 'EMD',
  'MONGODB_CONFIG': { 'collection_name': 'cache',
                      'database_name': 'pyphi',
                      'host': 'localhost',
                      'port': 27017},
  'NUMBER_OF_CORES': -1,
  'PARALLEL_COMPLEX_EVALUATION': False,
  'PARALLEL_CONCEPT_EVALUATION': False,
  'PARALLEL_CUT_EVALUATION': True,
  'PARTITION_TYPE': 'BI',
  'PICK_SMALLEST_PURVIEW': False,
  'PRECISION': 6,
  'PRINT_FRACTIONS': True,
  'PROGRESS_BARS': True,
  'REDIS_CACHE': False,
  'REDIS_CONFIG': {'db': 0, 'host': 'localhost', 'port': 6379, 'test_db': 1},
  'REPR_VERBOSITY': 2,
  'SINGLE_MICRO_NODES_WITH_SELFLOOPS_HAVE_PHI': False,
  'SYSTEM_CUTS': '3.0_STYLE',
  'USE_SMALL_PHI_DIFFERENCE_FOR_CES_DISTANCE': False,
  'VALIDATE_CONDITIONAL_INDEPENDENCE': True,
  'VALIDATE_SUBSYSTEM_STATES': True,
  'WELCOME_OFF': True}
2026-04-03 10:18:38,043 [pyphi.conf] INFO Process-27: PyPhi v1.2.0
2026-04-03 10:18:38,043 [pyphi.conf] INFO Process-27: Loaded configuration from ['D:\\Universidad\\Analisis y Diseño de Algoritmos\\Proyecto 2026-1\\projecto-analisis-20261\\GeoMIP\\src\\Method2_Dynamic_Programming_Reformulation\\pyphi_config.yml']
2026-04-03 10:18:38,044 [pyphi.conf] INFO Process-27: Current PyPhi configuration:
 { 'ASSUME_CUTS_CANNOT_CREATE_NEW_CONCEPTS': False,
  'CACHE_POTENTIAL_PURVIEWS': True,
  'CACHE_REPERTOIRES': True,
  'CACHE_SIAS': False,
  'CACHING_BACKEND': 'fs',
  'CLEAR_SUBSYSTEM_CACHES_AFTER_COMPUTING_SIA': False,
  'CUT_ONE_APPROXIMATION': False,
  'FS_CACHE_DIRECTORY': '__pyphi_cache__',
  'FS_CACHE_VERBOSITY': 0,
  'LOG_FILE': 'pyphi.log',
  'LOG_FILE_LEVEL': 'INFO',
  'LOG_STDOUT_LEVEL': 'WARNING',
  'MAXIMUM_CACHE_MEMORY_PERCENTAGE': 50,
  'MEASURE': 'EMD',
  'MONGODB_CONFIG': { 'collection_name': 'cache',
                      'database_name': 'pyphi',
                      'host': 'localhost',
                      'port': 27017},
  'NUMBER_OF_CORES': -1,
  'PARALLEL_COMPLEX_EVALUATION': False,
  'PARALLEL_CONCEPT_EVALUATION': False,
  'PARALLEL_CUT_EVALUATION': True,
  'PARTITION_TYPE': 'BI',
  'PICK_SMALLEST_PURVIEW': False,
  'PRECISION': 6,
  'PRINT_FRACTIONS': True,
  'PROGRESS_BARS': True,
  'REDIS_CACHE': False,
  'REDIS_CONFIG': {'db': 0, 'host': 'localhost', 'port': 6379, 'test_db': 1},
  'REPR_VERBOSITY': 2,
  'SINGLE_MICRO_NODES_WITH_SELFLOOPS_HAVE_PHI': False,
  'SYSTEM_CUTS': '3.0_STYLE',
  'USE_SMALL_PHI_DIFFERENCE_FOR_CES_DISTANCE': False,
  'VALIDATE_CONDITIONAL_INDEPENDENCE': True,
  'VALIDATE_SUBSYSTEM_STATES': True,
  'WELCOME_OFF': True}
2026-04-03 10:18:41,255 [pyphi.conf] INFO Process-28: PyPhi v1.2.0
2026-04-03 10:18:41,255 [pyphi.conf] INFO Process-28: Loaded configuration from ['D:\\Universidad\\Analisis y Diseño de Algoritmos\\Proyecto 2026-1\\projecto-analisis-20261\\GeoMIP\\src\\Method2_Dynamic_Programming_Reformulation\\pyphi_config.yml']
2026-04-03 10:18:41,256 [pyphi.conf] INFO Process-28: Current PyPhi configuration:
 { 'ASSUME_CUTS_CANNOT_CREATE_NEW_CONCEPTS': False,
  'CACHE_POTENTIAL_PURVIEWS': True,
  'CACHE_REPERTOIRES': True,
  'CACHE_SIAS': False,
  'CACHING_BACKEND': 'fs',
  'CLEAR_SUBSYSTEM_CACHES_AFTER_COMPUTING_SIA': False,
  'CUT_ONE_APPROXIMATION': False,
  'FS_CACHE_DIRECTORY': '__pyphi_cache__',
  'FS_CACHE_VERBOSITY': 0,
  'LOG_FILE': 'pyphi.log',
  'LOG_FILE_LEVEL': 'INFO',
  'LOG_STDOUT_LEVEL': 'WARNING',
  'MAXIMUM_CACHE_MEMORY_PERCENTAGE': 50,
  'MEASURE': 'EMD',
  'MONGODB_CONFIG': { 'collection_name': 'cache',
                      'database_name': 'pyphi',
                      'host': 'localhost',
                      'port': 27017},
  'NUMBER_OF_CORES': -1,
  'PARALLEL_COMPLEX_EVALUATION': False,
  'PARALLEL_CONCEPT_EVALUATION': False,
  'PARALLEL_CUT_EVALUATION': True,
  'PARTITION_TYPE': 'BI',
  'PICK_SMALLEST_PURVIEW': False,
  'PRECISION': 6,
  'PRINT_FRACTIONS': True,
  'PROGRESS_BARS': True,
  'REDIS_CACHE': False,
  'REDIS_CONFIG': {'db': 0, 'host': 'localhost', 'port': 6379, 'test_db': 1},
  'REPR_VERBOSITY': 2,
  'SINGLE_MICRO_NODES_WITH_SELFLOOPS_HAVE_PHI': False,
  'SYSTEM_CUTS': '3.0_STYLE',
  'USE_SMALL_PHI_DIFFERENCE_FOR_CES_DISTANCE': False,
  'VALIDATE_CONDITIONAL_INDEPENDENCE': True,
  'VALIDATE_SUBSYSTEM_STATES': True,
  'WELCOME_OFF': True}
2026-04-03 10:18:44,812 [pyphi.conf] INFO Process-29: PyPhi v1.2.0
2026-04-03 10:18:44,813 [pyphi.conf] INFO Process-29: Loaded configuration from ['D:\\Universidad\\Analisis y Diseño de Algoritmos\\Proyecto 2026-1\\projecto-analisis-20261\\GeoMIP\\src\\Method2_Dynamic_Programming_Reformulation\\pyphi_config.yml']
2026-04-03 10:18:44,813 [pyphi.conf] INFO Process-29: Current PyPhi configuration:
 { 'ASSUME_CUTS_CANNOT_CREATE_NEW_CONCEPTS': False,
  'CACHE_POTENTIAL_PURVIEWS': True,
  'CACHE_REPERTOIRES': True,
  'CACHE_SIAS': False,
  'CACHING_BACKEND': 'fs',
  'CLEAR_SUBSYSTEM_CACHES_AFTER_COMPUTING_SIA': False,
  'CUT_ONE_APPROXIMATION': False,
  'FS_CACHE_DIRECTORY': '__pyphi_cache__',
  'FS_CACHE_VERBOSITY': 0,
  'LOG_FILE': 'pyphi.log',
  'LOG_FILE_LEVEL': 'INFO',
  'LOG_STDOUT_LEVEL': 'WARNING',
  'MAXIMUM_CACHE_MEMORY_PERCENTAGE': 50,
  'MEASURE': 'EMD',
  'MONGODB_CONFIG': { 'collection_name': 'cache',
                      'database_name': 'pyphi',
                      'host': 'localhost',
                      'port': 27017},
  'NUMBER_OF_CORES': -1,
  'PARALLEL_COMPLEX_EVALUATION': False,
  'PARALLEL_CONCEPT_EVALUATION': False,
  'PARALLEL_CUT_EVALUATION': True,
  'PARTITION_TYPE': 'BI',
  'PICK_SMALLEST_PURVIEW': False,
  'PRECISION': 6,
  'PRINT_FRACTIONS': True,
  'PROGRESS_BARS': True,
  'REDIS_CACHE': False,
  'REDIS_CONFIG': {'db': 0, 'host': 'localhost', 'port': 6379, 'test_db': 1},
  'REPR_VERBOSITY': 2,
  'SINGLE_MICRO_NODES_WITH_SELFLOOPS_HAVE_PHI': False,
  'SYSTEM_CUTS': '3.0_STYLE',
  'USE_SMALL_PHI_DIFFERENCE_FOR_CES_DISTANCE': False,
  'VALIDATE_CONDITIONAL_INDEPENDENCE': True,
  'VALIDATE_SUBSYSTEM_STATES': True,
  'WELCOME_OFF': True}
2026-04-03 10:18:52,621 [pyphi.conf] INFO Process-30: PyPhi v1.2.0
2026-04-03 10:18:52,621 [pyphi.conf] INFO Process-30: Loaded configuration from ['D:\\Universidad\\Analisis y Diseño de Algoritmos\\Proyecto 2026-1\\projecto-analisis-20261\\GeoMIP\\src\\Method2_Dynamic_Programming_Reformulation\\pyphi_config.yml']
2026-04-03 10:18:52,621 [pyphi.conf] INFO Process-30: Current PyPhi configuration:
 { 'ASSUME_CUTS_CANNOT_CREATE_NEW_CONCEPTS': False,
  'CACHE_POTENTIAL_PURVIEWS': True,
  'CACHE_REPERTOIRES': True,
  'CACHE_SIAS': False,
  'CACHING_BACKEND': 'fs',
  'CLEAR_SUBSYSTEM_CACHES_AFTER_COMPUTING_SIA': False,
  'CUT_ONE_APPROXIMATION': False,
  'FS_CACHE_DIRECTORY': '__pyphi_cache__',
  'FS_CACHE_VERBOSITY': 0,
  'LOG_FILE': 'pyphi.log',
  'LOG_FILE_LEVEL': 'INFO',
  'LOG_STDOUT_LEVEL': 'WARNING',
  'MAXIMUM_CACHE_MEMORY_PERCENTAGE': 50,
  'MEASURE': 'EMD',
  'MONGODB_CONFIG': { 'collection_name': 'cache',
                      'database_name': 'pyphi',
                      'host': 'localhost',
                      'port': 27017},
  'NUMBER_OF_CORES': -1,
  'PARALLEL_COMPLEX_EVALUATION': False,
  'PARALLEL_CONCEPT_EVALUATION': False,
  'PARALLEL_CUT_EVALUATION': True,
  'PARTITION_TYPE': 'BI',
  'PICK_SMALLEST_PURVIEW': False,
  'PRECISION': 6,
  'PRINT_FRACTIONS': True,
  'PROGRESS_BARS': True,
  'REDIS_CACHE': False,
  'REDIS_CONFIG': {'db': 0, 'host': 'localhost', 'port': 6379, 'test_db': 1},
  'REPR_VERBOSITY': 2,
  'SINGLE_MICRO_NODES_WITH_SELFLOOPS_HAVE_PHI': False,
  'SYSTEM_CUTS': '3.0_STYLE',
  'USE_SMALL_PHI_DIFFERENCE_FOR_CES_DISTANCE': False,
  'VALIDATE_CONDITIONAL_INDEPENDENCE': True,
  'VALIDATE_SUBSYSTEM_STATES': True,
  'WELCOME_OFF': True}
2026-04-03 10:19:00,477 [pyphi.conf] INFO Process-31: PyPhi v1.2.0
2026-04-03 10:19:00,477 [pyphi.conf] INFO Process-31: Loaded configuration from ['D:\\Universidad\\Analisis y Diseño de Algoritmos\\Proyecto 2026-1\\projecto-analisis-20261\\GeoMIP\\src\\Method2_Dynamic_Programming_Reformulation\\pyphi_config.yml']
2026-04-03 10:19:00,477 [pyphi.conf] INFO Process-31: Current PyPhi configuration:
 { 'ASSUME_CUTS_CANNOT_CREATE_NEW_CONCEPTS': False,
  'CACHE_POTENTIAL_PURVIEWS': True,
  'CACHE_REPERTOIRES': True,
  'CACHE_SIAS': False,
  'CACHING_BACKEND': 'fs',
  'CLEAR_SUBSYSTEM_CACHES_AFTER_COMPUTING_SIA': False,
  'CUT_ONE_APPROXIMATION': False,
  'FS_CACHE_DIRECTORY': '__pyphi_cache__',
  'FS_CACHE_VERBOSITY': 0,
  'LOG_FILE': 'pyphi.log',
  'LOG_FILE_LEVEL': 'INFO',
  'LOG_STDOUT_LEVEL': 'WARNING',
  'MAXIMUM_CACHE_MEMORY_PERCENTAGE': 50,
  'MEASURE': 'EMD',
  'MONGODB_CONFIG': { 'collection_name': 'cache',
                      'database_name': 'pyphi',
                      'host': 'localhost',
                      'port': 27017},
  'NUMBER_OF_CORES': -1,
  'PARALLEL_COMPLEX_EVALUATION': False,
  'PARALLEL_CONCEPT_EVALUATION': False,
  'PARALLEL_CUT_EVALUATION': True,
  'PARTITION_TYPE': 'BI',
  'PICK_SMALLEST_PURVIEW': False,
  'PRECISION': 6,
  'PRINT_FRACTIONS': True,
  'PROGRESS_BARS': True,
  'REDIS_CACHE': False,
  'REDIS_CONFIG': {'db': 0, 'host': 'localhost', 'port': 6379, 'test_db': 1},
  'REPR_VERBOSITY': 2,
  'SINGLE_MICRO_NODES_WITH_SELFLOOPS_HAVE_PHI': False,
  'SYSTEM_CUTS': '3.0_STYLE',
  'USE_SMALL_PHI_DIFFERENCE_FOR_CES_DISTANCE': False,
  'VALIDATE_CONDITIONAL_INDEPENDENCE': True,
  'VALIDATE_SUBSYSTEM_STATES': True,
  'WELCOME_OFF': True}
2026-04-03 10:19:05,738 [pyphi.conf] INFO Process-32: PyPhi v1.2.0
2026-04-03 10:19:05,738 [pyphi.conf] INFO Process-32: Loaded configuration from ['D:\\Universidad\\Analisis y Diseño de Algoritmos\\Proyecto 2026-1\\projecto-analisis-20261\\GeoMIP\\src\\Method2_Dynamic_Programming_Reformulation\\pyphi_config.yml']
2026-04-03 10:19:05,739 [pyphi.conf] INFO Process-32: Current PyPhi configuration:
 { 'ASSUME_CUTS_CANNOT_CREATE_NEW_CONCEPTS': False,
  'CACHE_POTENTIAL_PURVIEWS': True,
  'CACHE_REPERTOIRES': True,
  'CACHE_SIAS': False,
  'CACHING_BACKEND': 'fs',
  'CLEAR_SUBSYSTEM_CACHES_AFTER_COMPUTING_SIA': False,
  'CUT_ONE_APPROXIMATION': False,
  'FS_CACHE_DIRECTORY': '__pyphi_cache__',
  'FS_CACHE_VERBOSITY': 0,
  'LOG_FILE': 'pyphi.log',
  'LOG_FILE_LEVEL': 'INFO',
  'LOG_STDOUT_LEVEL': 'WARNING',
  'MAXIMUM_CACHE_MEMORY_PERCENTAGE': 50,
  'MEASURE': 'EMD',
  'MONGODB_CONFIG': { 'collection_name': 'cache',
                      'database_name': 'pyphi',
                      'host': 'localhost',
                      'port': 27017},
  'NUMBER_OF_CORES': -1,
  'PARALLEL_COMPLEX_EVALUATION': False,
  'PARALLEL_CONCEPT_EVALUATION': False,
  'PARALLEL_CUT_EVALUATION': True,
  'PARTITION_TYPE': 'BI',
  'PICK_SMALLEST_PURVIEW': False,
  'PRECISION': 6,
  'PRINT_FRACTIONS': True,
  'PROGRESS_BARS': True,
  'REDIS_CACHE': False,
  'REDIS_CONFIG': {'db': 0, 'host': 'localhost', 'port': 6379, 'test_db': 1},
  'REPR_VERBOSITY': 2,
  'SINGLE_MICRO_NODES_WITH_SELFLOOPS_HAVE_PHI': False,
  'SYSTEM_CUTS': '3.0_STYLE',
  'USE_SMALL_PHI_DIFFERENCE_FOR_CES_DISTANCE': False,
  'VALIDATE_CONDITIONAL_INDEPENDENCE': True,
  'VALIDATE_SUBSYSTEM_STATES': True,
  'WELCOME_OFF': True}
2026-04-03 10:19:11,355 [pyphi.conf] INFO Process-33: PyPhi v1.2.0
2026-04-03 10:19:11,355 [pyphi.conf] INFO Process-33: Loaded configuration from ['D:\\Universidad\\Analisis y Diseño de Algoritmos\\Proyecto 2026-1\\projecto-analisis-20261\\GeoMIP\\src\\Method2_Dynamic_Programming_Reformulation\\pyphi_config.yml']
2026-04-03 10:19:11,356 [pyphi.conf] INFO Process-33: Current PyPhi configuration:
 { 'ASSUME_CUTS_CANNOT_CREATE_NEW_CONCEPTS': False,
  'CACHE_POTENTIAL_PURVIEWS': True,
  'CACHE_REPERTOIRES': True,
  'CACHE_SIAS': False,
  'CACHING_BACKEND': 'fs',
  'CLEAR_SUBSYSTEM_CACHES_AFTER_COMPUTING_SIA': False,
  'CUT_ONE_APPROXIMATION': False,
  'FS_CACHE_DIRECTORY': '__pyphi_cache__',
  'FS_CACHE_VERBOSITY': 0,
  'LOG_FILE': 'pyphi.log',
  'LOG_FILE_LEVEL': 'INFO',
  'LOG_STDOUT_LEVEL': 'WARNING',
  'MAXIMUM_CACHE_MEMORY_PERCENTAGE': 50,
  'MEASURE': 'EMD',
  'MONGODB_CONFIG': { 'collection_name': 'cache',
                      'database_name': 'pyphi',
                      'host': 'localhost',
                      'port': 27017},
  'NUMBER_OF_CORES': -1,
  'PARALLEL_COMPLEX_EVALUATION': False,
  'PARALLEL_CONCEPT_EVALUATION': False,
  'PARALLEL_CUT_EVALUATION': True,
  'PARTITION_TYPE': 'BI',
  'PICK_SMALLEST_PURVIEW': False,
  'PRECISION': 6,
  'PRINT_FRACTIONS': True,
  'PROGRESS_BARS': True,
  'REDIS_CACHE': False,
  'REDIS_CONFIG': {'db': 0, 'host': 'localhost', 'port': 6379, 'test_db': 1},
  'REPR_VERBOSITY': 2,
  'SINGLE_MICRO_NODES_WITH_SELFLOOPS_HAVE_PHI': False,
  'SYSTEM_CUTS': '3.0_STYLE',
  'USE_SMALL_PHI_DIFFERENCE_FOR_CES_DISTANCE': False,
  'VALIDATE_CONDITIONAL_INDEPENDENCE': True,
  'VALIDATE_SUBSYSTEM_STATES': True,
  'WELCOME_OFF': True}
2026-04-03 10:19:14,620 [pyphi.conf] INFO Process-34: PyPhi v1.2.0
2026-04-03 10:19:14,621 [pyphi.conf] INFO Process-34: Loaded configuration from ['D:\\Universidad\\Analisis y Diseño de Algoritmos\\Proyecto 2026-1\\projecto-analisis-20261\\GeoMIP\\src\\Method2_Dynamic_Programming_Reformulation\\pyphi_config.yml']
2026-04-03 10:19:14,621 [pyphi.conf] INFO Process-34: Current PyPhi configuration:
 { 'ASSUME_CUTS_CANNOT_CREATE_NEW_CONCEPTS': False,
  'CACHE_POTENTIAL_PURVIEWS': True,
  'CACHE_REPERTOIRES': True,
  'CACHE_SIAS': False,
  'CACHING_BACKEND': 'fs',
  'CLEAR_SUBSYSTEM_CACHES_AFTER_COMPUTING_SIA': False,
  'CUT_ONE_APPROXIMATION': False,
  'FS_CACHE_DIRECTORY': '__pyphi_cache__',
  'FS_CACHE_VERBOSITY': 0,
  'LOG_FILE': 'pyphi.log',
  'LOG_FILE_LEVEL': 'INFO',
  'LOG_STDOUT_LEVEL': 'WARNING',
  'MAXIMUM_CACHE_MEMORY_PERCENTAGE': 50,
  'MEASURE': 'EMD',
  'MONGODB_CONFIG': { 'collection_name': 'cache',
                      'database_name': 'pyphi',
                      'host': 'localhost',
                      'port': 27017},
  'NUMBER_OF_CORES': -1,
  'PARALLEL_COMPLEX_EVALUATION': False,
  'PARALLEL_CONCEPT_EVALUATION': False,
  'PARALLEL_CUT_EVALUATION': True,
  'PARTITION_TYPE': 'BI',
  'PICK_SMALLEST_PURVIEW': False,
  'PRECISION': 6,
  'PRINT_FRACTIONS': True,
  'PROGRESS_BARS': True,
  'REDIS_CACHE': False,
  'REDIS_CONFIG': {'db': 0, 'host': 'localhost', 'port': 6379, 'test_db': 1},
  'REPR_VERBOSITY': 2,
  'SINGLE_MICRO_NODES_WITH_SELFLOOPS_HAVE_PHI': False,
  'SYSTEM_CUTS': '3.0_STYLE',
  'USE_SMALL_PHI_DIFFERENCE_FOR_CES_DISTANCE': False,
  'VALIDATE_CONDITIONAL_INDEPENDENCE': True,
  'VALIDATE_SUBSYSTEM_STATES': True,
  'WELCOME_OFF': True}
2026-04-03 10:19:17,977 [pyphi.conf] INFO Process-35: PyPhi v1.2.0
2026-04-03 10:19:17,977 [pyphi.conf] INFO Process-35: Loaded configuration from ['D:\\Universidad\\Analisis y Diseño de Algoritmos\\Proyecto 2026-1\\projecto-analisis-20261\\GeoMIP\\src\\Method2_Dynamic_Programming_Reformulation\\pyphi_config.yml']
2026-04-03 10:19:17,978 [pyphi.conf] INFO Process-35: Current PyPhi configuration:
 { 'ASSUME_CUTS_CANNOT_CREATE_NEW_CONCEPTS': False,
  'CACHE_POTENTIAL_PURVIEWS': True,
  'CACHE_REPERTOIRES': True,
  'CACHE_SIAS': False,
  'CACHING_BACKEND': 'fs',
  'CLEAR_SUBSYSTEM_CACHES_AFTER_COMPUTING_SIA': False,
  'CUT_ONE_APPROXIMATION': False,
  'FS_CACHE_DIRECTORY': '__pyphi_cache__',
  'FS_CACHE_VERBOSITY': 0,
  'LOG_FILE': 'pyphi.log',
  'LOG_FILE_LEVEL': 'INFO',
  'LOG_STDOUT_LEVEL': 'WARNING',
  'MAXIMUM_CACHE_MEMORY_PERCENTAGE': 50,
  'MEASURE': 'EMD',
  'MONGODB_CONFIG': { 'collection_name': 'cache',
                      'database_name': 'pyphi',
                      'host': 'localhost',
                      'port': 27017},
  'NUMBER_OF_CORES': -1,
  'PARALLEL_COMPLEX_EVALUATION': False,
  'PARALLEL_CONCEPT_EVALUATION': False,
  'PARALLEL_CUT_EVALUATION': True,
  'PARTITION_TYPE': 'BI',
  'PICK_SMALLEST_PURVIEW': False,
  'PRECISION': 6,
  'PRINT_FRACTIONS': True,
  'PROGRESS_BARS': True,
  'REDIS_CACHE': False,
  'REDIS_CONFIG': {'db': 0, 'host': 'localhost', 'port': 6379, 'test_db': 1},
  'REPR_VERBOSITY': 2,
  'SINGLE_MICRO_NODES_WITH_SELFLOOPS_HAVE_PHI': False,
  'SYSTEM_CUTS': '3.0_STYLE',
  'USE_SMALL_PHI_DIFFERENCE_FOR_CES_DISTANCE': False,
  'VALIDATE_CONDITIONAL_INDEPENDENCE': True,
  'VALIDATE_SUBSYSTEM_STATES': True,
  'WELCOME_OFF': True}
2026-04-03 10:19:21,102 [pyphi.conf] INFO Process-36: PyPhi v1.2.0
2026-04-03 10:19:21,103 [pyphi.conf] INFO Process-36: Loaded configuration from ['D:\\Universidad\\Analisis y Diseño de Algoritmos\\Proyecto 2026-1\\projecto-analisis-20261\\GeoMIP\\src\\Method2_Dynamic_Programming_Reformulation\\pyphi_config.yml']
2026-04-03 10:19:21,103 [pyphi.conf] INFO Process-36: Current PyPhi configuration:
 { 'ASSUME_CUTS_CANNOT_CREATE_NEW_CONCEPTS': False,
  'CACHE_POTENTIAL_PURVIEWS': True,
  'CACHE_REPERTOIRES': True,
  'CACHE_SIAS': False,
  'CACHING_BACKEND': 'fs',
  'CLEAR_SUBSYSTEM_CACHES_AFTER_COMPUTING_SIA': False,
  'CUT_ONE_APPROXIMATION': False,
  'FS_CACHE_DIRECTORY': '__pyphi_cache__',
  'FS_CACHE_VERBOSITY': 0,
  'LOG_FILE': 'pyphi.log',
  'LOG_FILE_LEVEL': 'INFO',
  'LOG_STDOUT_LEVEL': 'WARNING',
  'MAXIMUM_CACHE_MEMORY_PERCENTAGE': 50,
  'MEASURE': 'EMD',
  'MONGODB_CONFIG': { 'collection_name': 'cache',
                      'database_name': 'pyphi',
                      'host': 'localhost',
                      'port': 27017},
  'NUMBER_OF_CORES': -1,
  'PARALLEL_COMPLEX_EVALUATION': False,
  'PARALLEL_CONCEPT_EVALUATION': False,
  'PARALLEL_CUT_EVALUATION': True,
  'PARTITION_TYPE': 'BI',
  'PICK_SMALLEST_PURVIEW': False,
  'PRECISION': 6,
  'PRINT_FRACTIONS': True,
  'PROGRESS_BARS': True,
  'REDIS_CACHE': False,
  'REDIS_CONFIG': {'db': 0, 'host': 'localhost', 'port': 6379, 'test_db': 1},
  'REPR_VERBOSITY': 2,
  'SINGLE_MICRO_NODES_WITH_SELFLOOPS_HAVE_PHI': False,
  'SYSTEM_CUTS': '3.0_STYLE',
  'USE_SMALL_PHI_DIFFERENCE_FOR_CES_DISTANCE': False,
  'VALIDATE_CONDITIONAL_INDEPENDENCE': True,
  'VALIDATE_SUBSYSTEM_STATES': True,
  'WELCOME_OFF': True}
2026-04-03 10:19:28,926 [pyphi.conf] INFO Process-37: PyPhi v1.2.0
2026-04-03 10:19:28,926 [pyphi.conf] INFO Process-37: Loaded configuration from ['D:\\Universidad\\Analisis y Diseño de Algoritmos\\Proyecto 2026-1\\projecto-analisis-20261\\GeoMIP\\src\\Method2_Dynamic_Programming_Reformulation\\pyphi_config.yml']
2026-04-03 10:19:28,927 [pyphi.conf] INFO Process-37: Current PyPhi configuration:
 { 'ASSUME_CUTS_CANNOT_CREATE_NEW_CONCEPTS': False,
  'CACHE_POTENTIAL_PURVIEWS': True,
  'CACHE_REPERTOIRES': True,
  'CACHE_SIAS': False,
  'CACHING_BACKEND': 'fs',
  'CLEAR_SUBSYSTEM_CACHES_AFTER_COMPUTING_SIA': False,
  'CUT_ONE_APPROXIMATION': False,
  'FS_CACHE_DIRECTORY': '__pyphi_cache__',
  'FS_CACHE_VERBOSITY': 0,
  'LOG_FILE': 'pyphi.log',
  'LOG_FILE_LEVEL': 'INFO',
  'LOG_STDOUT_LEVEL': 'WARNING',
  'MAXIMUM_CACHE_MEMORY_PERCENTAGE': 50,
  'MEASURE': 'EMD',
  'MONGODB_CONFIG': { 'collection_name': 'cache',
                      'database_name': 'pyphi',
                      'host': 'localhost',
                      'port': 27017},
  'NUMBER_OF_CORES': -1,
  'PARALLEL_COMPLEX_EVALUATION': False,
  'PARALLEL_CONCEPT_EVALUATION': False,
  'PARALLEL_CUT_EVALUATION': True,
  'PARTITION_TYPE': 'BI',
  'PICK_SMALLEST_PURVIEW': False,
  'PRECISION': 6,
  'PRINT_FRACTIONS': True,
  'PROGRESS_BARS': True,
  'REDIS_CACHE': False,
  'REDIS_CONFIG': {'db': 0, 'host': 'localhost', 'port': 6379, 'test_db': 1},
  'REPR_VERBOSITY': 2,
  'SINGLE_MICRO_NODES_WITH_SELFLOOPS_HAVE_PHI': False,
  'SYSTEM_CUTS': '3.0_STYLE',
  'USE_SMALL_PHI_DIFFERENCE_FOR_CES_DISTANCE': False,
  'VALIDATE_CONDITIONAL_INDEPENDENCE': True,
  'VALIDATE_SUBSYSTEM_STATES': True,
  'WELCOME_OFF': True}
2026-04-03 10:19:37,034 [pyphi.conf] INFO Process-38: PyPhi v1.2.0
2026-04-03 10:19:37,034 [pyphi.conf] INFO Process-38: Loaded configuration from ['D:\\Universidad\\Analisis y Diseño de Algoritmos\\Proyecto 2026-1\\projecto-analisis-20261\\GeoMIP\\src\\Method2_Dynamic_Programming_Reformulation\\pyphi_config.yml']
2026-04-03 10:19:37,035 [pyphi.conf] INFO Process-38: Current PyPhi configuration:
 { 'ASSUME_CUTS_CANNOT_CREATE_NEW_CONCEPTS': False,
  'CACHE_POTENTIAL_PURVIEWS': True,
  'CACHE_REPERTOIRES': True,
  'CACHE_SIAS': False,
  'CACHING_BACKEND': 'fs',
  'CLEAR_SUBSYSTEM_CACHES_AFTER_COMPUTING_SIA': False,
  'CUT_ONE_APPROXIMATION': False,
  'FS_CACHE_DIRECTORY': '__pyphi_cache__',
  'FS_CACHE_VERBOSITY': 0,
  'LOG_FILE': 'pyphi.log',
  'LOG_FILE_LEVEL': 'INFO',
  'LOG_STDOUT_LEVEL': 'WARNING',
  'MAXIMUM_CACHE_MEMORY_PERCENTAGE': 50,
  'MEASURE': 'EMD',
  'MONGODB_CONFIG': { 'collection_name': 'cache',
                      'database_name': 'pyphi',
                      'host': 'localhost',
                      'port': 27017},
  'NUMBER_OF_CORES': -1,
  'PARALLEL_COMPLEX_EVALUATION': False,
  'PARALLEL_CONCEPT_EVALUATION': False,
  'PARALLEL_CUT_EVALUATION': True,
  'PARTITION_TYPE': 'BI',
  'PICK_SMALLEST_PURVIEW': False,
  'PRECISION': 6,
  'PRINT_FRACTIONS': True,
  'PROGRESS_BARS': True,
  'REDIS_CACHE': False,
  'REDIS_CONFIG': {'db': 0, 'host': 'localhost', 'port': 6379, 'test_db': 1},
  'REPR_VERBOSITY': 2,
  'SINGLE_MICRO_NODES_WITH_SELFLOOPS_HAVE_PHI': False,
  'SYSTEM_CUTS': '3.0_STYLE',
  'USE_SMALL_PHI_DIFFERENCE_FOR_CES_DISTANCE': False,
  'VALIDATE_CONDITIONAL_INDEPENDENCE': True,
  'VALIDATE_SUBSYSTEM_STATES': True,
  'WELCOME_OFF': True}
2026-04-03 10:19:42,674 [pyphi.conf] INFO Process-39: PyPhi v1.2.0
2026-04-03 10:19:42,675 [pyphi.conf] INFO Process-39: Loaded configuration from ['D:\\Universidad\\Analisis y Diseño de Algoritmos\\Proyecto 2026-1\\projecto-analisis-20261\\GeoMIP\\src\\Method2_Dynamic_Programming_Reformulation\\pyphi_config.yml']
2026-04-03 10:19:42,675 [pyphi.conf] INFO Process-39: Current PyPhi configuration:
 { 'ASSUME_CUTS_CANNOT_CREATE_NEW_CONCEPTS': False,
  'CACHE_POTENTIAL_PURVIEWS': True,
  'CACHE_REPERTOIRES': True,
  'CACHE_SIAS': False,
  'CACHING_BACKEND': 'fs',
  'CLEAR_SUBSYSTEM_CACHES_AFTER_COMPUTING_SIA': False,
  'CUT_ONE_APPROXIMATION': False,
  'FS_CACHE_DIRECTORY': '__pyphi_cache__',
  'FS_CACHE_VERBOSITY': 0,
  'LOG_FILE': 'pyphi.log',
  'LOG_FILE_LEVEL': 'INFO',
  'LOG_STDOUT_LEVEL': 'WARNING',
  'MAXIMUM_CACHE_MEMORY_PERCENTAGE': 50,
  'MEASURE': 'EMD',
  'MONGODB_CONFIG': { 'collection_name': 'cache',
                      'database_name': 'pyphi',
                      'host': 'localhost',
                      'port': 27017},
  'NUMBER_OF_CORES': -1,
  'PARALLEL_COMPLEX_EVALUATION': False,
  'PARALLEL_CONCEPT_EVALUATION': False,
  'PARALLEL_CUT_EVALUATION': True,
  'PARTITION_TYPE': 'BI',
  'PICK_SMALLEST_PURVIEW': False,
  'PRECISION': 6,
  'PRINT_FRACTIONS': True,
  'PROGRESS_BARS': True,
  'REDIS_CACHE': False,
  'REDIS_CONFIG': {'db': 0, 'host': 'localhost', 'port': 6379, 'test_db': 1},
  'REPR_VERBOSITY': 2,
  'SINGLE_MICRO_NODES_WITH_SELFLOOPS_HAVE_PHI': False,
  'SYSTEM_CUTS': '3.0_STYLE',
  'USE_SMALL_PHI_DIFFERENCE_FOR_CES_DISTANCE': False,
  'VALIDATE_CONDITIONAL_INDEPENDENCE': True,
  'VALIDATE_SUBSYSTEM_STATES': True,
  'WELCOME_OFF': True}
2026-04-03 10:19:48,072 [pyphi.conf] INFO Process-40: PyPhi v1.2.0
2026-04-03 10:19:48,072 [pyphi.conf] INFO Process-40: Loaded configuration from ['D:\\Universidad\\Analisis y Diseño de Algoritmos\\Proyecto 2026-1\\projecto-analisis-20261\\GeoMIP\\src\\Method2_Dynamic_Programming_Reformulation\\pyphi_config.yml']
2026-04-03 10:19:48,073 [pyphi.conf] INFO Process-40: Current PyPhi configuration:
 { 'ASSUME_CUTS_CANNOT_CREATE_NEW_CONCEPTS': False,
  'CACHE_POTENTIAL_PURVIEWS': True,
  'CACHE_REPERTOIRES': True,
  'CACHE_SIAS': False,
  'CACHING_BACKEND': 'fs',
  'CLEAR_SUBSYSTEM_CACHES_AFTER_COMPUTING_SIA': False,
  'CUT_ONE_APPROXIMATION': False,
  'FS_CACHE_DIRECTORY': '__pyphi_cache__',
  'FS_CACHE_VERBOSITY': 0,
  'LOG_FILE': 'pyphi.log',
  'LOG_FILE_LEVEL': 'INFO',
  'LOG_STDOUT_LEVEL': 'WARNING',
  'MAXIMUM_CACHE_MEMORY_PERCENTAGE': 50,
  'MEASURE': 'EMD',
  'MONGODB_CONFIG': { 'collection_name': 'cache',
                      'database_name': 'pyphi',
                      'host': 'localhost',
                      'port': 27017},
  'NUMBER_OF_CORES': -1,
  'PARALLEL_COMPLEX_EVALUATION': False,
  'PARALLEL_CONCEPT_EVALUATION': False,
  'PARALLEL_CUT_EVALUATION': True,
  'PARTITION_TYPE': 'BI',
  'PICK_SMALLEST_PURVIEW': False,
  'PRECISION': 6,
  'PRINT_FRACTIONS': True,
  'PROGRESS_BARS': True,
  'REDIS_CACHE': False,
  'REDIS_CONFIG': {'db': 0, 'host': 'localhost', 'port': 6379, 'test_db': 1},
  'REPR_VERBOSITY': 2,
  'SINGLE_MICRO_NODES_WITH_SELFLOOPS_HAVE_PHI': False,
  'SYSTEM_CUTS': '3.0_STYLE',
  'USE_SMALL_PHI_DIFFERENCE_FOR_CES_DISTANCE': False,
  'VALIDATE_CONDITIONAL_INDEPENDENCE': True,
  'VALIDATE_SUBSYSTEM_STATES': True,
  'WELCOME_OFF': True}
2026-04-03 10:19:51,448 [pyphi.conf] INFO Process-41: PyPhi v1.2.0
2026-04-03 10:19:51,448 [pyphi.conf] INFO Process-41: Loaded configuration from ['D:\\Universidad\\Analisis y Diseño de Algoritmos\\Proyecto 2026-1\\projecto-analisis-20261\\GeoMIP\\src\\Method2_Dynamic_Programming_Reformulation\\pyphi_config.yml']
2026-04-03 10:19:51,449 [pyphi.conf] INFO Process-41: Current PyPhi configuration:
 { 'ASSUME_CUTS_CANNOT_CREATE_NEW_CONCEPTS': False,
  'CACHE_POTENTIAL_PURVIEWS': True,
  'CACHE_REPERTOIRES': True,
  'CACHE_SIAS': False,
  'CACHING_BACKEND': 'fs',
  'CLEAR_SUBSYSTEM_CACHES_AFTER_COMPUTING_SIA': False,
  'CUT_ONE_APPROXIMATION': False,
  'FS_CACHE_DIRECTORY': '__pyphi_cache__',
  'FS_CACHE_VERBOSITY': 0,
  'LOG_FILE': 'pyphi.log',
  'LOG_FILE_LEVEL': 'INFO',
  'LOG_STDOUT_LEVEL': 'WARNING',
  'MAXIMUM_CACHE_MEMORY_PERCENTAGE': 50,
  'MEASURE': 'EMD',
  'MONGODB_CONFIG': { 'collection_name': 'cache',
                      'database_name': 'pyphi',
                      'host': 'localhost',
                      'port': 27017},
  'NUMBER_OF_CORES': -1,
  'PARALLEL_COMPLEX_EVALUATION': False,
  'PARALLEL_CONCEPT_EVALUATION': False,
  'PARALLEL_CUT_EVALUATION': True,
  'PARTITION_TYPE': 'BI',
  'PICK_SMALLEST_PURVIEW': False,
  'PRECISION': 6,
  'PRINT_FRACTIONS': True,
  'PROGRESS_BARS': True,
  'REDIS_CACHE': False,
  'REDIS_CONFIG': {'db': 0, 'host': 'localhost', 'port': 6379, 'test_db': 1},
  'REPR_VERBOSITY': 2,
  'SINGLE_MICRO_NODES_WITH_SELFLOOPS_HAVE_PHI': False,
  'SYSTEM_CUTS': '3.0_STYLE',
  'USE_SMALL_PHI_DIFFERENCE_FOR_CES_DISTANCE': False,
  'VALIDATE_CONDITIONAL_INDEPENDENCE': True,
  'VALIDATE_SUBSYSTEM_STATES': True,
  'WELCOME_OFF': True}
2026-04-03 10:19:54,545 [pyphi.conf] INFO Process-42: PyPhi v1.2.0
2026-04-03 10:19:54,545 [pyphi.conf] INFO Process-42: Loaded configuration from ['D:\\Universidad\\Analisis y Diseño de Algoritmos\\Proyecto 2026-1\\projecto-analisis-20261\\GeoMIP\\src\\Method2_Dynamic_Programming_Reformulation\\pyphi_config.yml']
2026-04-03 10:19:54,545 [pyphi.conf] INFO Process-42: Current PyPhi configuration:
 { 'ASSUME_CUTS_CANNOT_CREATE_NEW_CONCEPTS': False,
  'CACHE_POTENTIAL_PURVIEWS': True,
  'CACHE_REPERTOIRES': True,
  'CACHE_SIAS': False,
  'CACHING_BACKEND': 'fs',
  'CLEAR_SUBSYSTEM_CACHES_AFTER_COMPUTING_SIA': False,
  'CUT_ONE_APPROXIMATION': False,
  'FS_CACHE_DIRECTORY': '__pyphi_cache__',
  'FS_CACHE_VERBOSITY': 0,
  'LOG_FILE': 'pyphi.log',
  'LOG_FILE_LEVEL': 'INFO',
  'LOG_STDOUT_LEVEL': 'WARNING',
  'MAXIMUM_CACHE_MEMORY_PERCENTAGE': 50,
  'MEASURE': 'EMD',
  'MONGODB_CONFIG': { 'collection_name': 'cache',
                      'database_name': 'pyphi',
                      'host': 'localhost',
                      'port': 27017},
  'NUMBER_OF_CORES': -1,
  'PARALLEL_COMPLEX_EVALUATION': False,
  'PARALLEL_CONCEPT_EVALUATION': False,
  'PARALLEL_CUT_EVALUATION': True,
  'PARTITION_TYPE': 'BI',
  'PICK_SMALLEST_PURVIEW': False,
  'PRECISION': 6,
  'PRINT_FRACTIONS': True,
  'PROGRESS_BARS': True,
  'REDIS_CACHE': False,
  'REDIS_CONFIG': {'db': 0, 'host': 'localhost', 'port': 6379, 'test_db': 1},
  'REPR_VERBOSITY': 2,
  'SINGLE_MICRO_NODES_WITH_SELFLOOPS_HAVE_PHI': False,
  'SYSTEM_CUTS': '3.0_STYLE',
  'USE_SMALL_PHI_DIFFERENCE_FOR_CES_DISTANCE': False,
  'VALIDATE_CONDITIONAL_INDEPENDENCE': True,
  'VALIDATE_SUBSYSTEM_STATES': True,
  'WELCOME_OFF': True}
2026-04-03 10:19:57,958 [pyphi.conf] INFO Process-43: PyPhi v1.2.0
2026-04-03 10:19:57,959 [pyphi.conf] INFO Process-43: Loaded configuration from ['D:\\Universidad\\Analisis y Diseño de Algoritmos\\Proyecto 2026-1\\projecto-analisis-20261\\GeoMIP\\src\\Method2_Dynamic_Programming_Reformulation\\pyphi_config.yml']
2026-04-03 10:19:57,959 [pyphi.conf] INFO Process-43: Current PyPhi configuration:
 { 'ASSUME_CUTS_CANNOT_CREATE_NEW_CONCEPTS': False,
  'CACHE_POTENTIAL_PURVIEWS': True,
  'CACHE_REPERTOIRES': True,
  'CACHE_SIAS': False,
  'CACHING_BACKEND': 'fs',
  'CLEAR_SUBSYSTEM_CACHES_AFTER_COMPUTING_SIA': False,
  'CUT_ONE_APPROXIMATION': False,
  'FS_CACHE_DIRECTORY': '__pyphi_cache__',
  'FS_CACHE_VERBOSITY': 0,
  'LOG_FILE': 'pyphi.log',
  'LOG_FILE_LEVEL': 'INFO',
  'LOG_STDOUT_LEVEL': 'WARNING',
  'MAXIMUM_CACHE_MEMORY_PERCENTAGE': 50,
  'MEASURE': 'EMD',
  'MONGODB_CONFIG': { 'collection_name': 'cache',
                      'database_name': 'pyphi',
                      'host': 'localhost',
                      'port': 27017},
  'NUMBER_OF_CORES': -1,
  'PARALLEL_COMPLEX_EVALUATION': False,
  'PARALLEL_CONCEPT_EVALUATION': False,
  'PARALLEL_CUT_EVALUATION': True,
  'PARTITION_TYPE': 'BI',
  'PICK_SMALLEST_PURVIEW': False,
  'PRECISION': 6,
  'PRINT_FRACTIONS': True,
  'PROGRESS_BARS': True,
  'REDIS_CACHE': False,
  'REDIS_CONFIG': {'db': 0, 'host': 'localhost', 'port': 6379, 'test_db': 1},
  'REPR_VERBOSITY': 2,
  'SINGLE_MICRO_NODES_WITH_SELFLOOPS_HAVE_PHI': False,
  'SYSTEM_CUTS': '3.0_STYLE',
  'USE_SMALL_PHI_DIFFERENCE_FOR_CES_DISTANCE': False,
  'VALIDATE_CONDITIONAL_INDEPENDENCE': True,
  'VALIDATE_SUBSYSTEM_STATES': True,
  'WELCOME_OFF': True}
2026-04-03 10:20:06,299 [pyphi.conf] INFO Process-44: PyPhi v1.2.0
2026-04-03 10:20:06,299 [pyphi.conf] INFO Process-44: Loaded configuration from ['D:\\Universidad\\Analisis y Diseño de Algoritmos\\Proyecto 2026-1\\projecto-analisis-20261\\GeoMIP\\src\\Method2_Dynamic_Programming_Reformulation\\pyphi_config.yml']
2026-04-03 10:20:06,300 [pyphi.conf] INFO Process-44: Current PyPhi configuration:
 { 'ASSUME_CUTS_CANNOT_CREATE_NEW_CONCEPTS': False,
  'CACHE_POTENTIAL_PURVIEWS': True,
  'CACHE_REPERTOIRES': True,
  'CACHE_SIAS': False,
  'CACHING_BACKEND': 'fs',
  'CLEAR_SUBSYSTEM_CACHES_AFTER_COMPUTING_SIA': False,
  'CUT_ONE_APPROXIMATION': False,
  'FS_CACHE_DIRECTORY': '__pyphi_cache__',
  'FS_CACHE_VERBOSITY': 0,
  'LOG_FILE': 'pyphi.log',
  'LOG_FILE_LEVEL': 'INFO',
  'LOG_STDOUT_LEVEL': 'WARNING',
  'MAXIMUM_CACHE_MEMORY_PERCENTAGE': 50,
  'MEASURE': 'EMD',
  'MONGODB_CONFIG': { 'collection_name': 'cache',
                      'database_name': 'pyphi',
                      'host': 'localhost',
                      'port': 27017},
  'NUMBER_OF_CORES': -1,
  'PARALLEL_COMPLEX_EVALUATION': False,
  'PARALLEL_CONCEPT_EVALUATION': False,
  'PARALLEL_CUT_EVALUATION': True,
  'PARTITION_TYPE': 'BI',
  'PICK_SMALLEST_PURVIEW': False,
  'PRECISION': 6,
  'PRINT_FRACTIONS': True,
  'PROGRESS_BARS': True,
  'REDIS_CACHE': False,
  'REDIS_CONFIG': {'db': 0, 'host': 'localhost', 'port': 6379, 'test_db': 1},
  'REPR_VERBOSITY': 2,
  'SINGLE_MICRO_NODES_WITH_SELFLOOPS_HAVE_PHI': False,
  'SYSTEM_CUTS': '3.0_STYLE',
  'USE_SMALL_PHI_DIFFERENCE_FOR_CES_DISTANCE': False,
  'VALIDATE_CONDITIONAL_INDEPENDENCE': True,
  'VALIDATE_SUBSYSTEM_STATES': True,
  'WELCOME_OFF': True}
2026-04-03 10:20:14,661 [pyphi.conf] INFO Process-45: PyPhi v1.2.0
2026-04-03 10:20:14,661 [pyphi.conf] INFO Process-45: Loaded configuration from ['D:\\Universidad\\Analisis y Diseño de Algoritmos\\Proyecto 2026-1\\projecto-analisis-20261\\GeoMIP\\src\\Method2_Dynamic_Programming_Reformulation\\pyphi_config.yml']
2026-04-03 10:20:14,662 [pyphi.conf] INFO Process-45: Current PyPhi configuration:
 { 'ASSUME_CUTS_CANNOT_CREATE_NEW_CONCEPTS': False,
  'CACHE_POTENTIAL_PURVIEWS': True,
  'CACHE_REPERTOIRES': True,
  'CACHE_SIAS': False,
  'CACHING_BACKEND': 'fs',
  'CLEAR_SUBSYSTEM_CACHES_AFTER_COMPUTING_SIA': False,
  'CUT_ONE_APPROXIMATION': False,
  'FS_CACHE_DIRECTORY': '__pyphi_cache__',
  'FS_CACHE_VERBOSITY': 0,
  'LOG_FILE': 'pyphi.log',
  'LOG_FILE_LEVEL': 'INFO',
  'LOG_STDOUT_LEVEL': 'WARNING',
  'MAXIMUM_CACHE_MEMORY_PERCENTAGE': 50,
  'MEASURE': 'EMD',
  'MONGODB_CONFIG': { 'collection_name': 'cache',
                      'database_name': 'pyphi',
                      'host': 'localhost',
                      'port': 27017},
  'NUMBER_OF_CORES': -1,
  'PARALLEL_COMPLEX_EVALUATION': False,
  'PARALLEL_CONCEPT_EVALUATION': False,
  'PARALLEL_CUT_EVALUATION': True,
  'PARTITION_TYPE': 'BI',
  'PICK_SMALLEST_PURVIEW': False,
  'PRECISION': 6,
  'PRINT_FRACTIONS': True,
  'PROGRESS_BARS': True,
  'REDIS_CACHE': False,
  'REDIS_CONFIG': {'db': 0, 'host': 'localhost', 'port': 6379, 'test_db': 1},
  'REPR_VERBOSITY': 2,
  'SINGLE_MICRO_NODES_WITH_SELFLOOPS_HAVE_PHI': False,
  'SYSTEM_CUTS': '3.0_STYLE',
  'USE_SMALL_PHI_DIFFERENCE_FOR_CES_DISTANCE': False,
  'VALIDATE_CONDITIONAL_INDEPENDENCE': True,
  'VALIDATE_SUBSYSTEM_STATES': True,
  'WELCOME_OFF': True}
2026-04-03 10:20:20,068 [pyphi.conf] INFO Process-46: PyPhi v1.2.0
2026-04-03 10:20:20,068 [pyphi.conf] INFO Process-46: Loaded configuration from ['D:\\Universidad\\Analisis y Diseño de Algoritmos\\Proyecto 2026-1\\projecto-analisis-20261\\GeoMIP\\src\\Method2_Dynamic_Programming_Reformulation\\pyphi_config.yml']
2026-04-03 10:20:20,069 [pyphi.conf] INFO Process-46: Current PyPhi configuration:
 { 'ASSUME_CUTS_CANNOT_CREATE_NEW_CONCEPTS': False,
  'CACHE_POTENTIAL_PURVIEWS': True,
  'CACHE_REPERTOIRES': True,
  'CACHE_SIAS': False,
  'CACHING_BACKEND': 'fs',
  'CLEAR_SUBSYSTEM_CACHES_AFTER_COMPUTING_SIA': False,
  'CUT_ONE_APPROXIMATION': False,
  'FS_CACHE_DIRECTORY': '__pyphi_cache__',
  'FS_CACHE_VERBOSITY': 0,
  'LOG_FILE': 'pyphi.log',
  'LOG_FILE_LEVEL': 'INFO',
  'LOG_STDOUT_LEVEL': 'WARNING',
  'MAXIMUM_CACHE_MEMORY_PERCENTAGE': 50,
  'MEASURE': 'EMD',
  'MONGODB_CONFIG': { 'collection_name': 'cache',
                      'database_name': 'pyphi',
                      'host': 'localhost',
                      'port': 27017},
  'NUMBER_OF_CORES': -1,
  'PARALLEL_COMPLEX_EVALUATION': False,
  'PARALLEL_CONCEPT_EVALUATION': False,
  'PARALLEL_CUT_EVALUATION': True,
  'PARTITION_TYPE': 'BI',
  'PICK_SMALLEST_PURVIEW': False,
  'PRECISION': 6,
  'PRINT_FRACTIONS': True,
  'PROGRESS_BARS': True,
  'REDIS_CACHE': False,
  'REDIS_CONFIG': {'db': 0, 'host': 'localhost', 'port': 6379, 'test_db': 1},
  'REPR_VERBOSITY': 2,
  'SINGLE_MICRO_NODES_WITH_SELFLOOPS_HAVE_PHI': False,
  'SYSTEM_CUTS': '3.0_STYLE',
  'USE_SMALL_PHI_DIFFERENCE_FOR_CES_DISTANCE': False,
  'VALIDATE_CONDITIONAL_INDEPENDENCE': True,
  'VALIDATE_SUBSYSTEM_STATES': True,
  'WELCOME_OFF': True}
2026-04-03 10:20:26,340 [pyphi.conf] INFO Process-47: PyPhi v1.2.0
2026-04-03 10:20:26,340 [pyphi.conf] INFO Process-47: Loaded configuration from ['D:\\Universidad\\Analisis y Diseño de Algoritmos\\Proyecto 2026-1\\projecto-analisis-20261\\GeoMIP\\src\\Method2_Dynamic_Programming_Reformulation\\pyphi_config.yml']
2026-04-03 10:20:26,341 [pyphi.conf] INFO Process-47: Current PyPhi configuration:
 { 'ASSUME_CUTS_CANNOT_CREATE_NEW_CONCEPTS': False,
  'CACHE_POTENTIAL_PURVIEWS': True,
  'CACHE_REPERTOIRES': True,
  'CACHE_SIAS': False,
  'CACHING_BACKEND': 'fs',
  'CLEAR_SUBSYSTEM_CACHES_AFTER_COMPUTING_SIA': False,
  'CUT_ONE_APPROXIMATION': False,
  'FS_CACHE_DIRECTORY': '__pyphi_cache__',
  'FS_CACHE_VERBOSITY': 0,
  'LOG_FILE': 'pyphi.log',
  'LOG_FILE_LEVEL': 'INFO',
  'LOG_STDOUT_LEVEL': 'WARNING',
  'MAXIMUM_CACHE_MEMORY_PERCENTAGE': 50,
  'MEASURE': 'EMD',
  'MONGODB_CONFIG': { 'collection_name': 'cache',
                      'database_name': 'pyphi',
                      'host': 'localhost',
                      'port': 27017},
  'NUMBER_OF_CORES': -1,
  'PARALLEL_COMPLEX_EVALUATION': False,
  'PARALLEL_CONCEPT_EVALUATION': False,
  'PARALLEL_CUT_EVALUATION': True,
  'PARTITION_TYPE': 'BI',
  'PICK_SMALLEST_PURVIEW': False,
  'PRECISION': 6,
  'PRINT_FRACTIONS': True,
  'PROGRESS_BARS': True,
  'REDIS_CACHE': False,
  'REDIS_CONFIG': {'db': 0, 'host': 'localhost', 'port': 6379, 'test_db': 1},
  'REPR_VERBOSITY': 2,
  'SINGLE_MICRO_NODES_WITH_SELFLOOPS_HAVE_PHI': False,
  'SYSTEM_CUTS': '3.0_STYLE',
  'USE_SMALL_PHI_DIFFERENCE_FOR_CES_DISTANCE': False,
  'VALIDATE_CONDITIONAL_INDEPENDENCE': True,
  'VALIDATE_SUBSYSTEM_STATES': True,
  'WELCOME_OFF': True}
2026-04-03 10:20:29,748 [pyphi.conf] INFO Process-48: PyPhi v1.2.0
2026-04-03 10:20:29,749 [pyphi.conf] INFO Process-48: Loaded configuration from ['D:\\Universidad\\Analisis y Diseño de Algoritmos\\Proyecto 2026-1\\projecto-analisis-20261\\GeoMIP\\src\\Method2_Dynamic_Programming_Reformulation\\pyphi_config.yml']
2026-04-03 10:20:29,749 [pyphi.conf] INFO Process-48: Current PyPhi configuration:
 { 'ASSUME_CUTS_CANNOT_CREATE_NEW_CONCEPTS': False,
  'CACHE_POTENTIAL_PURVIEWS': True,
  'CACHE_REPERTOIRES': True,
  'CACHE_SIAS': False,
  'CACHING_BACKEND': 'fs',
  'CLEAR_SUBSYSTEM_CACHES_AFTER_COMPUTING_SIA': False,
  'CUT_ONE_APPROXIMATION': False,
  'FS_CACHE_DIRECTORY': '__pyphi_cache__',
  'FS_CACHE_VERBOSITY': 0,
  'LOG_FILE': 'pyphi.log',
  'LOG_FILE_LEVEL': 'INFO',
  'LOG_STDOUT_LEVEL': 'WARNING',
  'MAXIMUM_CACHE_MEMORY_PERCENTAGE': 50,
  'MEASURE': 'EMD',
  'MONGODB_CONFIG': { 'collection_name': 'cache',
                      'database_name': 'pyphi',
                      'host': 'localhost',
                      'port': 27017},
  'NUMBER_OF_CORES': -1,
  'PARALLEL_COMPLEX_EVALUATION': False,
  'PARALLEL_CONCEPT_EVALUATION': False,
  'PARALLEL_CUT_EVALUATION': True,
  'PARTITION_TYPE': 'BI',
  'PICK_SMALLEST_PURVIEW': False,
  'PRECISION': 6,
  'PRINT_FRACTIONS': True,
  'PROGRESS_BARS': True,
  'REDIS_CACHE': False,
  'REDIS_CONFIG': {'db': 0, 'host': 'localhost', 'port': 6379, 'test_db': 1},
  'REPR_VERBOSITY': 2,
  'SINGLE_MICRO_NODES_WITH_SELFLOOPS_HAVE_PHI': False,
  'SYSTEM_CUTS': '3.0_STYLE',
  'USE_SMALL_PHI_DIFFERENCE_FOR_CES_DISTANCE': False,
  'VALIDATE_CONDITIONAL_INDEPENDENCE': True,
  'VALIDATE_SUBSYSTEM_STATES': True,
  'WELCOME_OFF': True}
2026-04-03 10:20:32,985 [pyphi.conf] INFO Process-49: PyPhi v1.2.0
2026-04-03 10:20:32,985 [pyphi.conf] INFO Process-49: Loaded configuration from ['D:\\Universidad\\Analisis y Diseño de Algoritmos\\Proyecto 2026-1\\projecto-analisis-20261\\GeoMIP\\src\\Method2_Dynamic_Programming_Reformulation\\pyphi_config.yml']
2026-04-03 10:20:32,985 [pyphi.conf] INFO Process-49: Current PyPhi configuration:
 { 'ASSUME_CUTS_CANNOT_CREATE_NEW_CONCEPTS': False,
  'CACHE_POTENTIAL_PURVIEWS': True,
  'CACHE_REPERTOIRES': True,
  'CACHE_SIAS': False,
  'CACHING_BACKEND': 'fs',
  'CLEAR_SUBSYSTEM_CACHES_AFTER_COMPUTING_SIA': False,
  'CUT_ONE_APPROXIMATION': False,
  'FS_CACHE_DIRECTORY': '__pyphi_cache__',
  'FS_CACHE_VERBOSITY': 0,
  'LOG_FILE': 'pyphi.log',
  'LOG_FILE_LEVEL': 'INFO',
  'LOG_STDOUT_LEVEL': 'WARNING',
  'MAXIMUM_CACHE_MEMORY_PERCENTAGE': 50,
  'MEASURE': 'EMD',
  'MONGODB_CONFIG': { 'collection_name': 'cache',
                      'database_name': 'pyphi',
                      'host': 'localhost',
                      'port': 27017},
  'NUMBER_OF_CORES': -1,
  'PARALLEL_COMPLEX_EVALUATION': False,
  'PARALLEL_CONCEPT_EVALUATION': False,
  'PARALLEL_CUT_EVALUATION': True,
  'PARTITION_TYPE': 'BI',
  'PICK_SMALLEST_PURVIEW': False,
  'PRECISION': 6,
  'PRINT_FRACTIONS': True,
  'PROGRESS_BARS': True,
  'REDIS_CACHE': False,
  'REDIS_CONFIG': {'db': 0, 'host': 'localhost', 'port': 6379, 'test_db': 1},
  'REPR_VERBOSITY': 2,
  'SINGLE_MICRO_NODES_WITH_SELFLOOPS_HAVE_PHI': False,
  'SYSTEM_CUTS': '3.0_STYLE',
  'USE_SMALL_PHI_DIFFERENCE_FOR_CES_DISTANCE': False,
  'VALIDATE_CONDITIONAL_INDEPENDENCE': True,
  'VALIDATE_SUBSYSTEM_STATES': True,
  'WELCOME_OFF': True}
2026-04-03 10:20:36,425 [pyphi.conf] INFO Process-50: PyPhi v1.2.0
2026-04-03 10:20:36,425 [pyphi.conf] INFO Process-50: Loaded configuration from ['D:\\Universidad\\Analisis y Diseño de Algoritmos\\Proyecto 2026-1\\projecto-analisis-20261\\GeoMIP\\src\\Method2_Dynamic_Programming_Reformulation\\pyphi_config.yml']
2026-04-03 10:20:36,425 [pyphi.conf] INFO Process-50: Current PyPhi configuration:
 { 'ASSUME_CUTS_CANNOT_CREATE_NEW_CONCEPTS': False,
  'CACHE_POTENTIAL_PURVIEWS': True,
  'CACHE_REPERTOIRES': True,
  'CACHE_SIAS': False,
  'CACHING_BACKEND': 'fs',
  'CLEAR_SUBSYSTEM_CACHES_AFTER_COMPUTING_SIA': False,
  'CUT_ONE_APPROXIMATION': False,
  'FS_CACHE_DIRECTORY': '__pyphi_cache__',
  'FS_CACHE_VERBOSITY': 0,
  'LOG_FILE': 'pyphi.log',
  'LOG_FILE_LEVEL': 'INFO',
  'LOG_STDOUT_LEVEL': 'WARNING',
  'MAXIMUM_CACHE_MEMORY_PERCENTAGE': 50,
  'MEASURE': 'EMD',
  'MONGODB_CONFIG': { 'collection_name': 'cache',
                      'database_name': 'pyphi',
                      'host': 'localhost',
                      'port': 27017},
  'NUMBER_OF_CORES': -1,
  'PARALLEL_COMPLEX_EVALUATION': False,
  'PARALLEL_CONCEPT_EVALUATION': False,
  'PARALLEL_CUT_EVALUATION': True,
  'PARTITION_TYPE': 'BI',
  'PICK_SMALLEST_PURVIEW': False,
  'PRECISION': 6,
  'PRINT_FRACTIONS': True,
  'PROGRESS_BARS': True,
  'REDIS_CACHE': False,
  'REDIS_CONFIG': {'db': 0, 'host': 'localhost', 'port': 6379, 'test_db': 1},
  'REPR_VERBOSITY': 2,
  'SINGLE_MICRO_NODES_WITH_SELFLOOPS_HAVE_PHI': False,
  'SYSTEM_CUTS': '3.0_STYLE',
  'USE_SMALL_PHI_DIFFERENCE_FOR_CES_DISTANCE': False,
  'VALIDATE_CONDITIONAL_INDEPENDENCE': True,
  'VALIDATE_SUBSYSTEM_STATES': True,
  'WELCOME_OFF': True}
2026-05-29 19:20:07,272 [pyphi.conf] INFO MainProcess: PyPhi v1.2.0
2026-05-29 19:20:07,272 [pyphi.conf] INFO MainProcess: Loaded configuration from ['D:\\Universidad\\Analisis y Diseño de Algoritmos\\Proyecto 2026-1\\projecto-analisis-20261\\K-GeoMIP\\src\\Method2_Dynamic_Programming_Reformulation\\pyphi_config.yml']
2026-05-29 19:20:07,273 [pyphi.conf] INFO MainProcess: Current PyPhi configuration:
 { 'ASSUME_CUTS_CANNOT_CREATE_NEW_CONCEPTS': False,
  'CACHE_POTENTIAL_PURVIEWS': True,
  'CACHE_REPERTOIRES': True,
  'CACHE_SIAS': False,
  'CACHING_BACKEND': 'fs',
  'CLEAR_SUBSYSTEM_CACHES_AFTER_COMPUTING_SIA': False,
  'CUT_ONE_APPROXIMATION': False,
  'FS_CACHE_DIRECTORY': '__pyphi_cache__',
  'FS_CACHE_VERBOSITY': 0,
  'LOG_FILE': 'pyphi.log',
  'LOG_FILE_LEVEL': 'INFO',
  'LOG_STDOUT_LEVEL': 'WARNING',
  'MAXIMUM_CACHE_MEMORY_PERCENTAGE': 50,
  'MEASURE': 'EMD',
  'MONGODB_CONFIG': { 'collection_name': 'cache',
                      'database_name': 'pyphi',
                      'host': 'localhost',
                      'port': 27017},
  'NUMBER_OF_CORES': -1,
  'PARALLEL_COMPLEX_EVALUATION': False,
  'PARALLEL_CONCEPT_EVALUATION': False,
  'PARALLEL_CUT_EVALUATION': True,
  'PARTITION_TYPE': 'BI',
  'PICK_SMALLEST_PURVIEW': False,
  'PRECISION': 6,
  'PRINT_FRACTIONS': True,
  'PROGRESS_BARS': True,
  'REDIS_CACHE': False,
  'REDIS_CONFIG': {'db': 0, 'host': 'localhost', 'port': 6379, 'test_db': 1},
  'REPR_VERBOSITY': 2,
  'SINGLE_MICRO_NODES_WITH_SELFLOOPS_HAVE_PHI': False,
  'SYSTEM_CUTS': '3.0_STYLE',
  'USE_SMALL_PHI_DIFFERENCE_FOR_CES_DISTANCE': False,
  'VALIDATE_CONDITIONAL_INDEPENDENCE': True,
  'VALIDATE_SUBSYSTEM_STATES': True,
  'WELCOME_OFF': True}
2026-05-29 19:40:28,877 [pyphi.conf] INFO MainProcess: PyPhi v1.2.0
2026-05-29 19:40:28,878 [pyphi.conf] INFO MainProcess: Loaded configuration from ['D:\\Universidad\\Analisis y Diseño de Algoritmos\\Proyecto 2026-1\\projecto-analisis-20261\\K-GeoMIP\\src\\Method2_Dynamic_Programming_Reformulation\\pyphi_config.yml']
2026-05-29 19:40:28,878 [pyphi.conf] INFO MainProcess: Current PyPhi configuration:
 { 'ASSUME_CUTS_CANNOT_CREATE_NEW_CONCEPTS': False,
  'CACHE_POTENTIAL_PURVIEWS': True,
  'CACHE_REPERTOIRES': True,
  'CACHE_SIAS': False,
  'CACHING_BACKEND': 'fs',
  'CLEAR_SUBSYSTEM_CACHES_AFTER_COMPUTING_SIA': False,
  'CUT_ONE_APPROXIMATION': False,
  'FS_CACHE_DIRECTORY': '__pyphi_cache__',
  'FS_CACHE_VERBOSITY': 0,
  'LOG_FILE': 'pyphi.log',
  'LOG_FILE_LEVEL': 'INFO',
  'LOG_STDOUT_LEVEL': 'WARNING',
  'MAXIMUM_CACHE_MEMORY_PERCENTAGE': 50,
  'MEASURE': 'EMD',
  'MONGODB_CONFIG': { 'collection_name': 'cache',
                      'database_name': 'pyphi',
                      'host': 'localhost',
                      'port': 27017},
  'NUMBER_OF_CORES': -1,
  'PARALLEL_COMPLEX_EVALUATION': False,
  'PARALLEL_CONCEPT_EVALUATION': False,
  'PARALLEL_CUT_EVALUATION': True,
  'PARTITION_TYPE': 'BI',
  'PICK_SMALLEST_PURVIEW': False,
  'PRECISION': 6,
  'PRINT_FRACTIONS': True,
  'PROGRESS_BARS': True,
  'REDIS_CACHE': False,
  'REDIS_CONFIG': {'db': 0, 'host': 'localhost', 'port': 6379, 'test_db': 1},
  'REPR_VERBOSITY': 2,
  'SINGLE_MICRO_NODES_WITH_SELFLOOPS_HAVE_PHI': False,
  'SYSTEM_CUTS': '3.0_STYLE',
  'USE_SMALL_PHI_DIFFERENCE_FOR_CES_DISTANCE': False,
  'VALIDATE_CONDITIONAL_INDEPENDENCE': True,
  'VALIDATE_SUBSYSTEM_STATES': True,
  'WELCOME_OFF': True}
2026-05-29 19:50:08,146 [pyphi.conf] INFO MainProcess: PyPhi v1.2.0
2026-05-29 19:50:08,147 [pyphi.conf] INFO MainProcess: Loaded configuration from ['D:\\Universidad\\Analisis y Diseño de Algoritmos\\Proyecto 2026-1\\projecto-analisis-20261\\K-GeoMIP\\src\\Method2_Dynamic_Programming_Reformulation\\pyphi_config.yml']
2026-05-29 19:50:08,148 [pyphi.conf] INFO MainProcess: Current PyPhi configuration:
 { 'ASSUME_CUTS_CANNOT_CREATE_NEW_CONCEPTS': False,
  'CACHE_POTENTIAL_PURVIEWS': True,
  'CACHE_REPERTOIRES': True,
  'CACHE_SIAS': False,
  'CACHING_BACKEND': 'fs',
  'CLEAR_SUBSYSTEM_CACHES_AFTER_COMPUTING_SIA': False,
  'CUT_ONE_APPROXIMATION': False,
  'FS_CACHE_DIRECTORY': '__pyphi_cache__',
  'FS_CACHE_VERBOSITY': 0,
  'LOG_FILE': 'pyphi.log',
  'LOG_FILE_LEVEL': 'INFO',
  'LOG_STDOUT_LEVEL': 'WARNING',
  'MAXIMUM_CACHE_MEMORY_PERCENTAGE': 50,
  'MEASURE': 'EMD',
  'MONGODB_CONFIG': { 'collection_name': 'cache',
                      'database_name': 'pyphi',
                      'host': 'localhost',
                      'port': 27017},
  'NUMBER_OF_CORES': -1,
  'PARALLEL_COMPLEX_EVALUATION': False,
  'PARALLEL_CONCEPT_EVALUATION': False,
  'PARALLEL_CUT_EVALUATION': True,
  'PARTITION_TYPE': 'BI',
  'PICK_SMALLEST_PURVIEW': False,
  'PRECISION': 6,
  'PRINT_FRACTIONS': True,
  'PROGRESS_BARS': True,
  'REDIS_CACHE': False,
  'REDIS_CONFIG': {'db': 0, 'host': 'localhost', 'port': 6379, 'test_db': 1},
  'REPR_VERBOSITY': 2,
  'SINGLE_MICRO_NODES_WITH_SELFLOOPS_HAVE_PHI': False,
  'SYSTEM_CUTS': '3.0_STYLE',
  'USE_SMALL_PHI_DIFFERENCE_FOR_CES_DISTANCE': False,
  'VALIDATE_CONDITIONAL_INDEPENDENCE': True,
  'VALIDATE_SUBSYSTEM_STATES': True,
  'WELCOME_OFF': True}
2026-05-29 19:50:11,096 [comtypes.client._code_cache] INFO MainProcess: Could not import comtypes.gen, trying to create it.
2026-05-29 19:50:11,097 [comtypes.client._code_cache] INFO MainProcess: Created comtypes.gen directory: 'D:\Universidad\Analisis y Diseño de Algoritmos\Proyecto 2026-1\projecto-analisis-20261\K-GeoMIP\src\Method2_Dynamic_Programming_Reformulation\.venv\Lib\site-packages\comtypes\gen'
2026-05-29 19:50:11,097 [comtypes.client._code_cache] INFO MainProcess: Writing __init__.py file: 'D:\Universidad\Analisis y Diseño de Algoritmos\Proyecto 2026-1\projecto-analisis-20261\K-GeoMIP\src\Method2_Dynamic_Programming_Reformulation\.venv\Lib\site-packages\comtypes\gen\__init__.py'
2026-05-29 19:50:11,121 [comtypes.client._code_cache] INFO MainProcess: Using writeable comtypes cache directory: 'D:\Universidad\Analisis y Diseño de Algoritmos\Proyecto 2026-1\projecto-analisis-20261\K-GeoMIP\src\Method2_Dynamic_Programming_Reformulation\.venv\Lib\site-packages\comtypes\gen'
2026-05-29 19:50:11,229 [comtypes.client._generate] INFO MainProcess: Could not import comtypes.gen._C866CA3A_32F7_11D2_9602_00C04F8EE628_0_5_4: No module named 'comtypes.gen._C866CA3A_32F7_11D2_9602_00C04F8EE628_0_5_4'
2026-05-29 19:50:11,293 [comtypes.client._generate] INFO MainProcess: # Generating comtypes.gen._C866CA3A_32F7_11D2_9602_00C04F8EE628_0_5_4
2026-05-29 19:50:11,410 [comtypes.client._generate] INFO MainProcess: # Generating comtypes.gen.SpeechLib
2026-05-29 19:50:11,418 [comtypes.client._generate] INFO MainProcess: Could not import comtypes.gen._00020430_0000_0000_C000_000000000046_0_2_0: No module named 'comtypes.gen._00020430_0000_0000_C000_000000000046_0_2_0'
2026-05-29 19:50:11,419 [comtypes.client._generate] INFO MainProcess: # Generating comtypes.gen._00020430_0000_0000_C000_000000000046_0_2_0
2026-05-29 19:50:11,429 [comtypes.client._generate] INFO MainProcess: # Generating comtypes.gen.stdole
2026-05-29 19:51:33,311 [pyphi.conf] INFO MainProcess: PyPhi v1.2.0
2026-05-29 19:51:33,311 [pyphi.conf] INFO MainProcess: Loaded configuration from ['D:\\Universidad\\Analisis y Diseño de Algoritmos\\Proyecto 2026-1\\projecto-analisis-20261\\K-GeoMIP\\src\\Method2_Dynamic_Programming_Reformulation\\pyphi_config.yml']
2026-05-29 19:51:33,312 [pyphi.conf] INFO MainProcess: Current PyPhi configuration:
 { 'ASSUME_CUTS_CANNOT_CREATE_NEW_CONCEPTS': False,
  'CACHE_POTENTIAL_PURVIEWS': True,
  'CACHE_REPERTOIRES': True,
  'CACHE_SIAS': False,
  'CACHING_BACKEND': 'fs',
  'CLEAR_SUBSYSTEM_CACHES_AFTER_COMPUTING_SIA': False,
  'CUT_ONE_APPROXIMATION': False,
  'FS_CACHE_DIRECTORY': '__pyphi_cache__',
  'FS_CACHE_VERBOSITY': 0,
  'LOG_FILE': 'pyphi.log',
  'LOG_FILE_LEVEL': 'INFO',
  'LOG_STDOUT_LEVEL': 'WARNING',
  'MAXIMUM_CACHE_MEMORY_PERCENTAGE': 50,
  'MEASURE': 'EMD',
  'MONGODB_CONFIG': { 'collection_name': 'cache',
                      'database_name': 'pyphi',
                      'host': 'localhost',
                      'port': 27017},
  'NUMBER_OF_CORES': -1,
  'PARALLEL_COMPLEX_EVALUATION': False,
  'PARALLEL_CONCEPT_EVALUATION': False,
  'PARALLEL_CUT_EVALUATION': True,
  'PARTITION_TYPE': 'BI',
  'PICK_SMALLEST_PURVIEW': False,
  'PRECISION': 6,
  'PRINT_FRACTIONS': True,
  'PROGRESS_BARS': True,
  'REDIS_CACHE': False,
  'REDIS_CONFIG': {'db': 0, 'host': 'localhost', 'port': 6379, 'test_db': 1},
  'REPR_VERBOSITY': 2,
  'SINGLE_MICRO_NODES_WITH_SELFLOOPS_HAVE_PHI': False,
  'SYSTEM_CUTS': '3.0_STYLE',
  'USE_SMALL_PHI_DIFFERENCE_FOR_CES_DISTANCE': False,
  'VALIDATE_CONDITIONAL_INDEPENDENCE': True,
  'VALIDATE_SUBSYSTEM_STATES': True,
  'WELCOME_OFF': True}
2026-05-29 19:51:34,770 [comtypes.client._code_cache] INFO MainProcess: Imported existing <module 'comtypes.gen' from 'D:\\Universidad\\Analisis y Diseño de Algoritmos\\Proyecto 2026-1\\projecto-analisis-20261\\K-GeoMIP\\src\\Method2_Dynamic_Programming_Reformulation\\.venv\\Lib\\site-packages\\comtypes\\gen\\__init__.py'>
2026-05-29 19:51:34,770 [comtypes.client._code_cache] INFO MainProcess: Using writeable comtypes cache directory: 'D:\Universidad\Analisis y Diseño de Algoritmos\Proyecto 2026-1\projecto-analisis-20261\K-GeoMIP\src\Method2_Dynamic_Programming_Reformulation\.venv\Lib\site-packages\comtypes\gen'
2026-05-29 20:15:40,387 [pyphi.conf] INFO MainProcess: PyPhi v1.2.0
2026-05-29 20:15:40,387 [pyphi.conf] INFO MainProcess: Loaded configuration from ['D:\\Universidad\\Analisis y Diseño de Algoritmos\\Proyecto 2026-1\\projecto-analisis-20261\\K-GeoMIP\\src\\Method2_Dynamic_Programming_Reformulation\\pyphi_config.yml']
2026-05-29 20:15:40,387 [pyphi.conf] INFO MainProcess: Current PyPhi configuration:
 { 'ASSUME_CUTS_CANNOT_CREATE_NEW_CONCEPTS': False,
  'CACHE_POTENTIAL_PURVIEWS': True,
  'CACHE_REPERTOIRES': True,
  'CACHE_SIAS': False,
  'CACHING_BACKEND': 'fs',
  'CLEAR_SUBSYSTEM_CACHES_AFTER_COMPUTING_SIA': False,
  'CUT_ONE_APPROXIMATION': False,
  'FS_CACHE_DIRECTORY': '__pyphi_cache__',
  'FS_CACHE_VERBOSITY': 0,
  'LOG_FILE': 'pyphi.log',
  'LOG_FILE_LEVEL': 'INFO',
  'LOG_STDOUT_LEVEL': 'WARNING',
  'MAXIMUM_CACHE_MEMORY_PERCENTAGE': 50,
  'MEASURE': 'EMD',
  'MONGODB_CONFIG': { 'collection_name': 'cache',
                      'database_name': 'pyphi',
                      'host': 'localhost',
                      'port': 27017},
  'NUMBER_OF_CORES': -1,
  'PARALLEL_COMPLEX_EVALUATION': False,
  'PARALLEL_CONCEPT_EVALUATION': False,
  'PARALLEL_CUT_EVALUATION': True,
  'PARTITION_TYPE': 'BI',
  'PICK_SMALLEST_PURVIEW': False,
  'PRECISION': 6,
  'PRINT_FRACTIONS': True,
  'PROGRESS_BARS': True,
  'REDIS_CACHE': False,
  'REDIS_CONFIG': {'db': 0, 'host': 'localhost', 'port': 6379, 'test_db': 1},
  'REPR_VERBOSITY': 2,
  'SINGLE_MICRO_NODES_WITH_SELFLOOPS_HAVE_PHI': False,
  'SYSTEM_CUTS': '3.0_STYLE',
  'USE_SMALL_PHI_DIFFERENCE_FOR_CES_DISTANCE': False,
  'VALIDATE_CONDITIONAL_INDEPENDENCE': True,
  'VALIDATE_SUBSYSTEM_STATES': True,
  'WELCOME_OFF': True}
2026-05-29 20:19:18,627 [pyphi.conf] INFO MainProcess: PyPhi v1.2.0
2026-05-29 20:19:18,628 [pyphi.conf] INFO MainProcess: Loaded configuration from ['D:\\Universidad\\Analisis y Diseño de Algoritmos\\Proyecto 2026-1\\projecto-analisis-20261\\K-GeoMIP\\src\\Method2_Dynamic_Programming_Reformulation\\pyphi_config.yml']
2026-05-29 20:19:18,628 [pyphi.conf] INFO MainProcess: Current PyPhi configuration:
 { 'ASSUME_CUTS_CANNOT_CREATE_NEW_CONCEPTS': False,
  'CACHE_POTENTIAL_PURVIEWS': True,
  'CACHE_REPERTOIRES': True,
  'CACHE_SIAS': False,
  'CACHING_BACKEND': 'fs',
  'CLEAR_SUBSYSTEM_CACHES_AFTER_COMPUTING_SIA': False,
  'CUT_ONE_APPROXIMATION': False,
  'FS_CACHE_DIRECTORY': '__pyphi_cache__',
  'FS_CACHE_VERBOSITY': 0,
  'LOG_FILE': 'pyphi.log',
  'LOG_FILE_LEVEL': 'INFO',
  'LOG_STDOUT_LEVEL': 'WARNING',
  'MAXIMUM_CACHE_MEMORY_PERCENTAGE': 50,
  'MEASURE': 'EMD',
  'MONGODB_CONFIG': { 'collection_name': 'cache',
                      'database_name': 'pyphi',
                      'host': 'localhost',
                      'port': 27017},
  'NUMBER_OF_CORES': -1,
  'PARALLEL_COMPLEX_EVALUATION': False,
  'PARALLEL_CONCEPT_EVALUATION': False,
  'PARALLEL_CUT_EVALUATION': True,
  'PARTITION_TYPE': 'BI',
  'PICK_SMALLEST_PURVIEW': False,
  'PRECISION': 6,
  'PRINT_FRACTIONS': True,
  'PROGRESS_BARS': True,
  'REDIS_CACHE': False,
  'REDIS_CONFIG': {'db': 0, 'host': 'localhost', 'port': 6379, 'test_db': 1},
  'REPR_VERBOSITY': 2,
  'SINGLE_MICRO_NODES_WITH_SELFLOOPS_HAVE_PHI': False,
  'SYSTEM_CUTS': '3.0_STYLE',
  'USE_SMALL_PHI_DIFFERENCE_FOR_CES_DISTANCE': False,
  'VALIDATE_CONDITIONAL_INDEPENDENCE': True,
  'VALIDATE_SUBSYSTEM_STATES': True,
  'WELCOME_OFF': True}
2026-06-11 00:06:52,083 [pyphi.conf] INFO MainProcess: PyPhi v1.2.0
2026-06-11 00:06:52,084 [pyphi.conf] INFO MainProcess: Loaded configuration from ['D:\\Universidad\\Analisis y Diseño de Algoritmos\\Proyecto 2026-1\\projecto-analisis-20261\\K-GeoMIP\\src\\Method2_Dynamic_Programming_Reformulation\\pyphi_config.yml']
2026-06-11 00:06:52,085 [pyphi.conf] INFO MainProcess: Current PyPhi configuration:
 { 'ASSUME_CUTS_CANNOT_CREATE_NEW_CONCEPTS': False,
  'CACHE_POTENTIAL_PURVIEWS': True,
  'CACHE_REPERTOIRES': True,
  'CACHE_SIAS': False,
  'CACHING_BACKEND': 'fs',
  'CLEAR_SUBSYSTEM_CACHES_AFTER_COMPUTING_SIA': False,
  'CUT_ONE_APPROXIMATION': False,
  'FS_CACHE_DIRECTORY': '__pyphi_cache__',
  'FS_CACHE_VERBOSITY': 0,
  'LOG_FILE': 'pyphi.log',
  'LOG_FILE_LEVEL': 'INFO',
  'LOG_STDOUT_LEVEL': 'WARNING',
  'MAXIMUM_CACHE_MEMORY_PERCENTAGE': 50,
  'MEASURE': 'EMD',
  'MONGODB_CONFIG': { 'collection_name': 'cache',
                      'database_name': 'pyphi',
                      'host': 'localhost',
                      'port': 27017},
  'NUMBER_OF_CORES': -1,
  'PARALLEL_COMPLEX_EVALUATION': False,
  'PARALLEL_CONCEPT_EVALUATION': False,
  'PARALLEL_CUT_EVALUATION': True,
  'PARTITION_TYPE': 'BI',
  'PICK_SMALLEST_PURVIEW': False,
  'PRECISION': 6,
  'PRINT_FRACTIONS': True,
  'PROGRESS_BARS': True,
  'REDIS_CACHE': False,
  'REDIS_CONFIG': {'db': 0, 'host': 'localhost', 'port': 6379, 'test_db': 1},
  'REPR_VERBOSITY': 2,
  'SINGLE_MICRO_NODES_WITH_SELFLOOPS_HAVE_PHI': False,
  'SYSTEM_CUTS': '3.0_STYLE',
  'USE_SMALL_PHI_DIFFERENCE_FOR_CES_DISTANCE': False,
  'VALIDATE_CONDITIONAL_INDEPENDENCE': True,
  'VALIDATE_SUBSYSTEM_STATES': True,
  'WELCOME_OFF': True}
2026-06-11 00:06:59,728 [comtypes.client._code_cache] INFO MainProcess: Imported existing <module 'comtypes.gen' from 'D:\\Universidad\\Analisis y Diseño de Algoritmos\\Proyecto 2026-1\\projecto-analisis-20261\\K-GeoMIP\\src\\Method2_Dynamic_Programming_Reformulation\\.venv\\Lib\\site-packages\\comtypes\\gen\\__init__.py'>
2026-06-11 00:06:59,728 [comtypes.client._code_cache] INFO MainProcess: Using writeable comtypes cache directory: 'D:\Universidad\Analisis y Diseño de Algoritmos\Proyecto 2026-1\projecto-analisis-20261\K-GeoMIP\src\Method2_Dynamic_Programming_Reformulation\.venv\Lib\site-packages\comtypes\gen'
2026-06-11 00:14:35,614 [pyphi.conf] INFO MainProcess: PyPhi v1.2.0
2026-06-11 00:14:35,615 [pyphi.conf] INFO MainProcess: Loaded configuration from ['D:\\Universidad\\Analisis y Diseño de Algoritmos\\Proyecto 2026-1\\projecto-analisis-20261\\K-GeoMIP\\src\\Method2_Dynamic_Programming_Reformulation\\pyphi_config.yml']
2026-06-11 00:14:35,615 [pyphi.conf] INFO MainProcess: Current PyPhi configuration:
 { 'ASSUME_CUTS_CANNOT_CREATE_NEW_CONCEPTS': False,
  'CACHE_POTENTIAL_PURVIEWS': True,
  'CACHE_REPERTOIRES': True,
  'CACHE_SIAS': False,
  'CACHING_BACKEND': 'fs',
  'CLEAR_SUBSYSTEM_CACHES_AFTER_COMPUTING_SIA': False,
  'CUT_ONE_APPROXIMATION': False,
  'FS_CACHE_DIRECTORY': '__pyphi_cache__',
  'FS_CACHE_VERBOSITY': 0,
  'LOG_FILE': 'pyphi.log',
  'LOG_FILE_LEVEL': 'INFO',
  'LOG_STDOUT_LEVEL': 'WARNING',
  'MAXIMUM_CACHE_MEMORY_PERCENTAGE': 50,
  'MEASURE': 'EMD',
  'MONGODB_CONFIG': { 'collection_name': 'cache',
                      'database_name': 'pyphi',
                      'host': 'localhost',
                      'port': 27017},
  'NUMBER_OF_CORES': -1,
  'PARALLEL_COMPLEX_EVALUATION': False,
  'PARALLEL_CONCEPT_EVALUATION': False,
  'PARALLEL_CUT_EVALUATION': True,
  'PARTITION_TYPE': 'BI',
  'PICK_SMALLEST_PURVIEW': False,
  'PRECISION': 6,
  'PRINT_FRACTIONS': True,
  'PROGRESS_BARS': True,
  'REDIS_CACHE': False,
  'REDIS_CONFIG': {'db': 0, 'host': 'localhost', 'port': 6379, 'test_db': 1},
  'REPR_VERBOSITY': 2,
  'SINGLE_MICRO_NODES_WITH_SELFLOOPS_HAVE_PHI': False,
  'SYSTEM_CUTS': '3.0_STYLE',
  'USE_SMALL_PHI_DIFFERENCE_FOR_CES_DISTANCE': False,
  'VALIDATE_CONDITIONAL_INDEPENDENCE': True,
  'VALIDATE_SUBSYSTEM_STATES': True,
  'WELCOME_OFF': True}
2026-06-11 00:14:37,195 [comtypes.client._code_cache] INFO MainProcess: Imported existing <module 'comtypes.gen' from 'D:\\Universidad\\Analisis y Diseño de Algoritmos\\Proyecto 2026-1\\projecto-analisis-20261\\K-GeoMIP\\src\\Method2_Dynamic_Programming_Reformulation\\.venv\\Lib\\site-packages\\comtypes\\gen\\__init__.py'>
2026-06-11 00:14:37,196 [comtypes.client._code_cache] INFO MainProcess: Using writeable comtypes cache directory: 'D:\Universidad\Analisis y Diseño de Algoritmos\Proyecto 2026-1\projecto-analisis-20261\K-GeoMIP\src\Method2_Dynamic_Programming_Reformulation\.venv\Lib\site-packages\comtypes\gen'
2026-06-11 00:16:58,563 [pyphi.conf] INFO MainProcess: PyPhi v1.2.0
2026-06-11 00:16:58,563 [pyphi.conf] INFO MainProcess: Loaded configuration from ['D:\\Universidad\\Analisis y Diseño de Algoritmos\\Proyecto 2026-1\\projecto-analisis-20261\\K-GeoMIP\\src\\Method2_Dynamic_Programming_Reformulation\\pyphi_config.yml']
2026-06-11 00:16:58,564 [pyphi.conf] INFO MainProcess: Current PyPhi configuration:
 { 'ASSUME_CUTS_CANNOT_CREATE_NEW_CONCEPTS': False,
  'CACHE_POTENTIAL_PURVIEWS': True,
  'CACHE_REPERTOIRES': True,
  'CACHE_SIAS': False,
  'CACHING_BACKEND': 'fs',
  'CLEAR_SUBSYSTEM_CACHES_AFTER_COMPUTING_SIA': False,
  'CUT_ONE_APPROXIMATION': False,
  'FS_CACHE_DIRECTORY': '__pyphi_cache__',
  'FS_CACHE_VERBOSITY': 0,
  'LOG_FILE': 'pyphi.log',
  'LOG_FILE_LEVEL': 'INFO',
  'LOG_STDOUT_LEVEL': 'WARNING',
  'MAXIMUM_CACHE_MEMORY_PERCENTAGE': 50,
  'MEASURE': 'EMD',
  'MONGODB_CONFIG': { 'collection_name': 'cache',
                      'database_name': 'pyphi',
                      'host': 'localhost',
                      'port': 27017},
  'NUMBER_OF_CORES': -1,
  'PARALLEL_COMPLEX_EVALUATION': False,
  'PARALLEL_CONCEPT_EVALUATION': False,
  'PARALLEL_CUT_EVALUATION': True,
  'PARTITION_TYPE': 'BI',
  'PICK_SMALLEST_PURVIEW': False,
  'PRECISION': 6,
  'PRINT_FRACTIONS': True,
  'PROGRESS_BARS': True,
  'REDIS_CACHE': False,
  'REDIS_CONFIG': {'db': 0, 'host': 'localhost', 'port': 6379, 'test_db': 1},
  'REPR_VERBOSITY': 2,
  'SINGLE_MICRO_NODES_WITH_SELFLOOPS_HAVE_PHI': False,
  'SYSTEM_CUTS': '3.0_STYLE',
  'USE_SMALL_PHI_DIFFERENCE_FOR_CES_DISTANCE': False,
  'VALIDATE_CONDITIONAL_INDEPENDENCE': True,
  'VALIDATE_SUBSYSTEM_STATES': True,
  'WELCOME_OFF': True}
2026-06-11 00:17:00,406 [comtypes.client._code_cache] INFO MainProcess: Imported existing <module 'comtypes.gen' from 'D:\\Universidad\\Analisis y Diseño de Algoritmos\\Proyecto 2026-1\\projecto-analisis-20261\\K-GeoMIP\\src\\Method2_Dynamic_Programming_Reformulation\\.venv\\Lib\\site-packages\\comtypes\\gen\\__init__.py'>
2026-06-11 00:17:00,407 [comtypes.client._code_cache] INFO MainProcess: Using writeable comtypes cache directory: 'D:\Universidad\Analisis y Diseño de Algoritmos\Proyecto 2026-1\projecto-analisis-20261\K-GeoMIP\src\Method2_Dynamic_Programming_Reformulation\.venv\Lib\site-packages\comtypes\gen'
2026-06-11 00:17:14,712 [pyphi.conf] INFO MainProcess: PyPhi v1.2.0
2026-06-11 00:17:14,712 [pyphi.conf] INFO MainProcess: Loaded configuration from ['D:\\Universidad\\Analisis y Diseño de Algoritmos\\Proyecto 2026-1\\projecto-analisis-20261\\K-GeoMIP\\src\\Method2_Dynamic_Programming_Reformulation\\pyphi_config.yml']
2026-06-11 00:17:14,713 [pyphi.conf] INFO MainProcess: Current PyPhi configuration:
 { 'ASSUME_CUTS_CANNOT_CREATE_NEW_CONCEPTS': False,
  'CACHE_POTENTIAL_PURVIEWS': True,
  'CACHE_REPERTOIRES': True,
  'CACHE_SIAS': False,
  'CACHING_BACKEND': 'fs',
  'CLEAR_SUBSYSTEM_CACHES_AFTER_COMPUTING_SIA': False,
  'CUT_ONE_APPROXIMATION': False,
  'FS_CACHE_DIRECTORY': '__pyphi_cache__',
  'FS_CACHE_VERBOSITY': 0,
  'LOG_FILE': 'pyphi.log',
  'LOG_FILE_LEVEL': 'INFO',
  'LOG_STDOUT_LEVEL': 'WARNING',
  'MAXIMUM_CACHE_MEMORY_PERCENTAGE': 50,
  'MEASURE': 'EMD',
  'MONGODB_CONFIG': { 'collection_name': 'cache',
                      'database_name': 'pyphi',
                      'host': 'localhost',
                      'port': 27017},
  'NUMBER_OF_CORES': -1,
  'PARALLEL_COMPLEX_EVALUATION': False,
  'PARALLEL_CONCEPT_EVALUATION': False,
  'PARALLEL_CUT_EVALUATION': True,
  'PARTITION_TYPE': 'BI',
  'PICK_SMALLEST_PURVIEW': False,
  'PRECISION': 6,
  'PRINT_FRACTIONS': True,
  'PROGRESS_BARS': True,
  'REDIS_CACHE': False,
  'REDIS_CONFIG': {'db': 0, 'host': 'localhost', 'port': 6379, 'test_db': 1},
  'REPR_VERBOSITY': 2,
  'SINGLE_MICRO_NODES_WITH_SELFLOOPS_HAVE_PHI': False,
  'SYSTEM_CUTS': '3.0_STYLE',
  'USE_SMALL_PHI_DIFFERENCE_FOR_CES_DISTANCE': False,
  'VALIDATE_CONDITIONAL_INDEPENDENCE': True,
  'VALIDATE_SUBSYSTEM_STATES': True,
  'WELCOME_OFF': True}
2026-06-11 00:17:16,849 [comtypes.client._code_cache] INFO MainProcess: Imported existing <module 'comtypes.gen' from 'D:\\Universidad\\Analisis y Diseño de Algoritmos\\Proyecto 2026-1\\projecto-analisis-20261\\K-GeoMIP\\src\\Method2_Dynamic_Programming_Reformulation\\.venv\\Lib\\site-packages\\comtypes\\gen\\__init__.py'>
2026-06-11 00:17:16,851 [comtypes.client._code_cache] INFO MainProcess: Using writeable comtypes cache directory: 'D:\Universidad\Analisis y Diseño de Algoritmos\Proyecto 2026-1\projecto-analisis-20261\K-GeoMIP\src\Method2_Dynamic_Programming_Reformulation\.venv\Lib\site-packages\comtypes\gen'
2026-06-11 00:56:36,196 [pyphi.conf] INFO MainProcess: PyPhi v1.2.0
2026-06-11 00:56:36,196 [pyphi.conf] INFO MainProcess: Loaded configuration from ['D:\\Universidad\\Analisis y Diseño de Algoritmos\\Proyecto 2026-1\\projecto-analisis-20261\\K-GeoMIP\\src\\Method2_Dynamic_Programming_Reformulation\\pyphi_config.yml']
2026-06-11 00:56:36,197 [pyphi.conf] INFO MainProcess: Current PyPhi configuration:
 { 'ASSUME_CUTS_CANNOT_CREATE_NEW_CONCEPTS': False,
  'CACHE_POTENTIAL_PURVIEWS': True,
  'CACHE_REPERTOIRES': True,
  'CACHE_SIAS': False,
  'CACHING_BACKEND': 'fs',
  'CLEAR_SUBSYSTEM_CACHES_AFTER_COMPUTING_SIA': False,
  'CUT_ONE_APPROXIMATION': False,
  'FS_CACHE_DIRECTORY': '__pyphi_cache__',
  'FS_CACHE_VERBOSITY': 0,
  'LOG_FILE': 'pyphi.log',
  'LOG_FILE_LEVEL': 'INFO',
  'LOG_STDOUT_LEVEL': 'WARNING',
  'MAXIMUM_CACHE_MEMORY_PERCENTAGE': 50,
  'MEASURE': 'EMD',
  'MONGODB_CONFIG': { 'collection_name': 'cache',
                      'database_name': 'pyphi',
                      'host': 'localhost',
                      'port': 27017},
  'NUMBER_OF_CORES': -1,
  'PARALLEL_COMPLEX_EVALUATION': False,
  'PARALLEL_CONCEPT_EVALUATION': False,
  'PARALLEL_CUT_EVALUATION': True,
  'PARTITION_TYPE': 'BI',
  'PICK_SMALLEST_PURVIEW': False,
  'PRECISION': 6,
  'PRINT_FRACTIONS': True,
  'PROGRESS_BARS': True,
  'REDIS_CACHE': False,
  'REDIS_CONFIG': {'db': 0, 'host': 'localhost', 'port': 6379, 'test_db': 1},
  'REPR_VERBOSITY': 2,
  'SINGLE_MICRO_NODES_WITH_SELFLOOPS_HAVE_PHI': False,
  'SYSTEM_CUTS': '3.0_STYLE',
  'USE_SMALL_PHI_DIFFERENCE_FOR_CES_DISTANCE': False,
  'VALIDATE_CONDITIONAL_INDEPENDENCE': True,
  'VALIDATE_SUBSYSTEM_STATES': True,
  'WELCOME_OFF': True}
2026-06-11 00:56:38,334 [comtypes.client._code_cache] INFO MainProcess: Imported existing <module 'comtypes.gen' from 'D:\\Universidad\\Analisis y Diseño de Algoritmos\\Proyecto 2026-1\\projecto-analisis-20261\\K-GeoMIP\\src\\Method2_Dynamic_Programming_Reformulation\\.venv\\Lib\\site-packages\\comtypes\\gen\\__init__.py'>
2026-06-11 00:56:38,335 [comtypes.client._code_cache] INFO MainProcess: Using writeable comtypes cache directory: 'D:\Universidad\Analisis y Diseño de Algoritmos\Proyecto 2026-1\projecto-analisis-20261\K-GeoMIP\src\Method2_Dynamic_Programming_Reformulation\.venv\Lib\site-packages\comtypes\gen'
2026-06-11 01:14:34,683 [pyphi.conf] INFO MainProcess: PyPhi v1.2.0
2026-06-11 01:14:34,684 [pyphi.conf] INFO MainProcess: Loaded configuration from ['D:\\Universidad\\Analisis y Diseño de Algoritmos\\Proyecto 2026-1\\projecto-analisis-20261\\K-GeoMIP\\src\\Method2_Dynamic_Programming_Reformulation\\pyphi_config.yml']
2026-06-11 01:14:34,685 [pyphi.conf] INFO MainProcess: Current PyPhi configuration:
 { 'ASSUME_CUTS_CANNOT_CREATE_NEW_CONCEPTS': False,
  'CACHE_POTENTIAL_PURVIEWS': True,
  'CACHE_REPERTOIRES': True,
  'CACHE_SIAS': False,
  'CACHING_BACKEND': 'fs',
  'CLEAR_SUBSYSTEM_CACHES_AFTER_COMPUTING_SIA': False,
  'CUT_ONE_APPROXIMATION': False,
  'FS_CACHE_DIRECTORY': '__pyphi_cache__',
  'FS_CACHE_VERBOSITY': 0,
  'LOG_FILE': 'pyphi.log',
  'LOG_FILE_LEVEL': 'INFO',
  'LOG_STDOUT_LEVEL': 'WARNING',
  'MAXIMUM_CACHE_MEMORY_PERCENTAGE': 50,
  'MEASURE': 'EMD',
  'MONGODB_CONFIG': { 'collection_name': 'cache',
                      'database_name': 'pyphi',
                      'host': 'localhost',
                      'port': 27017},
  'NUMBER_OF_CORES': -1,
  'PARALLEL_COMPLEX_EVALUATION': False,
  'PARALLEL_CONCEPT_EVALUATION': False,
  'PARALLEL_CUT_EVALUATION': True,
  'PARTITION_TYPE': 'BI',
  'PICK_SMALLEST_PURVIEW': False,
  'PRECISION': 6,
  'PRINT_FRACTIONS': True,
  'PROGRESS_BARS': True,
  'REDIS_CACHE': False,
  'REDIS_CONFIG': {'db': 0, 'host': 'localhost', 'port': 6379, 'test_db': 1},
  'REPR_VERBOSITY': 2,
  'SINGLE_MICRO_NODES_WITH_SELFLOOPS_HAVE_PHI': False,
  'SYSTEM_CUTS': '3.0_STYLE',
  'USE_SMALL_PHI_DIFFERENCE_FOR_CES_DISTANCE': False,
  'VALIDATE_CONDITIONAL_INDEPENDENCE': True,
  'VALIDATE_SUBSYSTEM_STATES': True,
  'WELCOME_OFF': True}
2026-06-11 01:14:36,964 [comtypes.client._code_cache] INFO MainProcess: Imported existing <module 'comtypes.gen' from 'D:\\Universidad\\Analisis y Diseño de Algoritmos\\Proyecto 2026-1\\projecto-analisis-20261\\K-GeoMIP\\src\\Method2_Dynamic_Programming_Reformulation\\.venv\\Lib\\site-packages\\comtypes\\gen\\__init__.py'>
2026-06-11 01:14:36,965 [comtypes.client._code_cache] INFO MainProcess: Using writeable comtypes cache directory: 'D:\Universidad\Analisis y Diseño de Algoritmos\Proyecto 2026-1\projecto-analisis-20261\K-GeoMIP\src\Method2_Dynamic_Programming_Reformulation\.venv\Lib\site-packages\comtypes\gen'
2026-06-11 16:44:11,136 [pyphi.conf] INFO MainProcess: PyPhi v1.2.0
2026-06-11 16:44:11,136 [pyphi.conf] INFO MainProcess: Loaded configuration from ['D:\\Universidad\\Analisis y Diseño de Algoritmos\\Proyecto 2026-1\\projecto-analisis-20261\\K-GeoMIP\\src\\Method2_Dynamic_Programming_Reformulation\\pyphi_config.yml']
2026-06-11 16:44:11,137 [pyphi.conf] INFO MainProcess: Current PyPhi configuration:
 { 'ASSUME_CUTS_CANNOT_CREATE_NEW_CONCEPTS': False,
  'CACHE_POTENTIAL_PURVIEWS': True,
  'CACHE_REPERTOIRES': True,
  'CACHE_SIAS': False,
  'CACHING_BACKEND': 'fs',
  'CLEAR_SUBSYSTEM_CACHES_AFTER_COMPUTING_SIA': False,
  'CUT_ONE_APPROXIMATION': False,
  'FS_CACHE_DIRECTORY': '__pyphi_cache__',
  'FS_CACHE_VERBOSITY': 0,
  'LOG_FILE': 'pyphi.log',
  'LOG_FILE_LEVEL': 'INFO',
  'LOG_STDOUT_LEVEL': 'WARNING',
  'MAXIMUM_CACHE_MEMORY_PERCENTAGE': 50,
  'MEASURE': 'EMD',
  'MONGODB_CONFIG': { 'collection_name': 'cache',
                      'database_name': 'pyphi',
                      'host': 'localhost',
                      'port': 27017},
  'NUMBER_OF_CORES': -1,
  'PARALLEL_COMPLEX_EVALUATION': False,
  'PARALLEL_CONCEPT_EVALUATION': False,
  'PARALLEL_CUT_EVALUATION': True,
  'PARTITION_TYPE': 'BI',
  'PICK_SMALLEST_PURVIEW': False,
  'PRECISION': 6,
  'PRINT_FRACTIONS': True,
  'PROGRESS_BARS': True,
  'REDIS_CACHE': False,
  'REDIS_CONFIG': {'db': 0, 'host': 'localhost', 'port': 6379, 'test_db': 1},
  'REPR_VERBOSITY': 2,
  'SINGLE_MICRO_NODES_WITH_SELFLOOPS_HAVE_PHI': False,
  'SYSTEM_CUTS': '3.0_STYLE',
  'USE_SMALL_PHI_DIFFERENCE_FOR_CES_DISTANCE': False,
  'VALIDATE_CONDITIONAL_INDEPENDENCE': True,
  'VALIDATE_SUBSYSTEM_STATES': True,
  'WELCOME_OFF': True}
2026-06-11 16:44:18,465 [comtypes.client._code_cache] INFO MainProcess: Imported existing <module 'comtypes.gen' from 'D:\\Universidad\\Analisis y Diseño de Algoritmos\\Proyecto 2026-1\\projecto-analisis-20261\\K-GeoMIP\\src\\Method2_Dynamic_Programming_Reformulation\\.venv\\Lib\\site-packages\\comtypes\\gen\\__init__.py'>
2026-06-11 16:44:18,466 [comtypes.client._code_cache] INFO MainProcess: Using writeable comtypes cache directory: 'D:\Universidad\Analisis y Diseño de Algoritmos\Proyecto 2026-1\projecto-analisis-20261\K-GeoMIP\src\Method2_Dynamic_Programming_Reformulation\.venv\Lib\site-packages\comtypes\gen'
2026-06-11 16:46:55,336 [pyphi.conf] INFO MainProcess: PyPhi v1.2.0
2026-06-11 16:46:55,336 [pyphi.conf] INFO MainProcess: Loaded configuration from ['D:\\Universidad\\Analisis y Diseño de Algoritmos\\Proyecto 2026-1\\projecto-analisis-20261\\K-GeoMIP\\src\\Method2_Dynamic_Programming_Reformulation\\pyphi_config.yml']
2026-06-11 16:46:55,338 [pyphi.conf] INFO MainProcess: Current PyPhi configuration:
 { 'ASSUME_CUTS_CANNOT_CREATE_NEW_CONCEPTS': False,
  'CACHE_POTENTIAL_PURVIEWS': True,
  'CACHE_REPERTOIRES': True,
  'CACHE_SIAS': False,
  'CACHING_BACKEND': 'fs',
  'CLEAR_SUBSYSTEM_CACHES_AFTER_COMPUTING_SIA': False,
  'CUT_ONE_APPROXIMATION': False,
  'FS_CACHE_DIRECTORY': '__pyphi_cache__',
  'FS_CACHE_VERBOSITY': 0,
  'LOG_FILE': 'pyphi.log',
  'LOG_FILE_LEVEL': 'INFO',
  'LOG_STDOUT_LEVEL': 'WARNING',
  'MAXIMUM_CACHE_MEMORY_PERCENTAGE': 50,
  'MEASURE': 'EMD',
  'MONGODB_CONFIG': { 'collection_name': 'cache',
                      'database_name': 'pyphi',
                      'host': 'localhost',
                      'port': 27017},
  'NUMBER_OF_CORES': -1,
  'PARALLEL_COMPLEX_EVALUATION': False,
  'PARALLEL_CONCEPT_EVALUATION': False,
  'PARALLEL_CUT_EVALUATION': True,
  'PARTITION_TYPE': 'BI',
  'PICK_SMALLEST_PURVIEW': False,
  'PRECISION': 6,
  'PRINT_FRACTIONS': True,
  'PROGRESS_BARS': True,
  'REDIS_CACHE': False,
  'REDIS_CONFIG': {'db': 0, 'host': 'localhost', 'port': 6379, 'test_db': 1},
  'REPR_VERBOSITY': 2,
  'SINGLE_MICRO_NODES_WITH_SELFLOOPS_HAVE_PHI': False,
  'SYSTEM_CUTS': '3.0_STYLE',
  'USE_SMALL_PHI_DIFFERENCE_FOR_CES_DISTANCE': False,
  'VALIDATE_CONDITIONAL_INDEPENDENCE': True,
  'VALIDATE_SUBSYSTEM_STATES': True,
  'WELCOME_OFF': True}
2026-06-11 16:46:56,708 [comtypes.client._code_cache] INFO MainProcess: Imported existing <module 'comtypes.gen' from 'D:\\Universidad\\Analisis y Diseño de Algoritmos\\Proyecto 2026-1\\projecto-analisis-20261\\K-GeoMIP\\src\\Method2_Dynamic_Programming_Reformulation\\.venv\\Lib\\site-packages\\comtypes\\gen\\__init__.py'>
2026-06-11 16:46:56,708 [comtypes.client._code_cache] INFO MainProcess: Using writeable comtypes cache directory: 'D:\Universidad\Analisis y Diseño de Algoritmos\Proyecto 2026-1\projecto-analisis-20261\K-GeoMIP\src\Method2_Dynamic_Programming_Reformulation\.venv\Lib\site-packages\comtypes\gen'
2026-06-11 16:47:42,699 [pyphi.conf] INFO MainProcess: PyPhi v1.2.0
2026-06-11 16:47:42,699 [pyphi.conf] INFO MainProcess: Loaded configuration from ['D:\\Universidad\\Analisis y Diseño de Algoritmos\\Proyecto 2026-1\\projecto-analisis-20261\\K-GeoMIP\\src\\Method2_Dynamic_Programming_Reformulation\\pyphi_config.yml']
2026-06-11 16:47:42,699 [pyphi.conf] INFO MainProcess: Current PyPhi configuration:
 { 'ASSUME_CUTS_CANNOT_CREATE_NEW_CONCEPTS': False,
  'CACHE_POTENTIAL_PURVIEWS': True,
  'CACHE_REPERTOIRES': True,
  'CACHE_SIAS': False,
  'CACHING_BACKEND': 'fs',
  'CLEAR_SUBSYSTEM_CACHES_AFTER_COMPUTING_SIA': False,
  'CUT_ONE_APPROXIMATION': False,
  'FS_CACHE_DIRECTORY': '__pyphi_cache__',
  'FS_CACHE_VERBOSITY': 0,
  'LOG_FILE': 'pyphi.log',
  'LOG_FILE_LEVEL': 'INFO',
  'LOG_STDOUT_LEVEL': 'WARNING',
  'MAXIMUM_CACHE_MEMORY_PERCENTAGE': 50,
  'MEASURE': 'EMD',
  'MONGODB_CONFIG': { 'collection_name': 'cache',
                      'database_name': 'pyphi',
                      'host': 'localhost',
                      'port': 27017},
  'NUMBER_OF_CORES': -1,
  'PARALLEL_COMPLEX_EVALUATION': False,
  'PARALLEL_CONCEPT_EVALUATION': False,
  'PARALLEL_CUT_EVALUATION': True,
  'PARTITION_TYPE': 'BI',
  'PICK_SMALLEST_PURVIEW': False,
  'PRECISION': 6,
  'PRINT_FRACTIONS': True,
  'PROGRESS_BARS': True,
  'REDIS_CACHE': False,
  'REDIS_CONFIG': {'db': 0, 'host': 'localhost', 'port': 6379, 'test_db': 1},
  'REPR_VERBOSITY': 2,
  'SINGLE_MICRO_NODES_WITH_SELFLOOPS_HAVE_PHI': False,
  'SYSTEM_CUTS': '3.0_STYLE',
  'USE_SMALL_PHI_DIFFERENCE_FOR_CES_DISTANCE': False,
  'VALIDATE_CONDITIONAL_INDEPENDENCE': True,
  'VALIDATE_SUBSYSTEM_STATES': True,
  'WELCOME_OFF': True}
2026-06-11 16:47:44,050 [comtypes.client._code_cache] INFO MainProcess: Imported existing <module 'comtypes.gen' from 'D:\\Universidad\\Analisis y Diseño de Algoritmos\\Proyecto 2026-1\\projecto-analisis-20261\\K-GeoMIP\\src\\Method2_Dynamic_Programming_Reformulation\\.venv\\Lib\\site-packages\\comtypes\\gen\\__init__.py'>
2026-06-11 16:47:44,051 [comtypes.client._code_cache] INFO MainProcess: Using writeable comtypes cache directory: 'D:\Universidad\Analisis y Diseño de Algoritmos\Proyecto 2026-1\projecto-analisis-20261\K-GeoMIP\src\Method2_Dynamic_Programming_Reformulation\.venv\Lib\site-packages\comtypes\gen'
2026-06-11 16:49:41,837 [pyphi.conf] INFO MainProcess: PyPhi v1.2.0
2026-06-11 16:49:41,837 [pyphi.conf] INFO MainProcess: Loaded configuration from ['D:\\Universidad\\Analisis y Diseño de Algoritmos\\Proyecto 2026-1\\projecto-analisis-20261\\K-GeoMIP\\src\\Method2_Dynamic_Programming_Reformulation\\pyphi_config.yml']
2026-06-11 16:49:41,838 [pyphi.conf] INFO MainProcess: Current PyPhi configuration:
 { 'ASSUME_CUTS_CANNOT_CREATE_NEW_CONCEPTS': False,
  'CACHE_POTENTIAL_PURVIEWS': True,
  'CACHE_REPERTOIRES': True,
  'CACHE_SIAS': False,
  'CACHING_BACKEND': 'fs',
  'CLEAR_SUBSYSTEM_CACHES_AFTER_COMPUTING_SIA': False,
  'CUT_ONE_APPROXIMATION': False,
  'FS_CACHE_DIRECTORY': '__pyphi_cache__',
  'FS_CACHE_VERBOSITY': 0,
  'LOG_FILE': 'pyphi.log',
  'LOG_FILE_LEVEL': 'INFO',
  'LOG_STDOUT_LEVEL': 'WARNING',
  'MAXIMUM_CACHE_MEMORY_PERCENTAGE': 50,
  'MEASURE': 'EMD',
  'MONGODB_CONFIG': { 'collection_name': 'cache',
                      'database_name': 'pyphi',
                      'host': 'localhost',
                      'port': 27017},
  'NUMBER_OF_CORES': -1,
  'PARALLEL_COMPLEX_EVALUATION': False,
  'PARALLEL_CONCEPT_EVALUATION': False,
  'PARALLEL_CUT_EVALUATION': True,
  'PARTITION_TYPE': 'BI',
  'PICK_SMALLEST_PURVIEW': False,
  'PRECISION': 6,
  'PRINT_FRACTIONS': True,
  'PROGRESS_BARS': True,
  'REDIS_CACHE': False,
  'REDIS_CONFIG': {'db': 0, 'host': 'localhost', 'port': 6379, 'test_db': 1},
  'REPR_VERBOSITY': 2,
  'SINGLE_MICRO_NODES_WITH_SELFLOOPS_HAVE_PHI': False,
  'SYSTEM_CUTS': '3.0_STYLE',
  'USE_SMALL_PHI_DIFFERENCE_FOR_CES_DISTANCE': False,
  'VALIDATE_CONDITIONAL_INDEPENDENCE': True,
  'VALIDATE_SUBSYSTEM_STATES': True,
  'WELCOME_OFF': True}
2026-06-11 16:49:43,233 [comtypes.client._code_cache] INFO MainProcess: Imported existing <module 'comtypes.gen' from 'D:\\Universidad\\Analisis y Diseño de Algoritmos\\Proyecto 2026-1\\projecto-analisis-20261\\K-GeoMIP\\src\\Method2_Dynamic_Programming_Reformulation\\.venv\\Lib\\site-packages\\comtypes\\gen\\__init__.py'>
2026-06-11 16:49:43,233 [comtypes.client._code_cache] INFO MainProcess: Using writeable comtypes cache directory: 'D:\Universidad\Analisis y Diseño de Algoritmos\Proyecto 2026-1\projecto-analisis-20261\K-GeoMIP\src\Method2_Dynamic_Programming_Reformulation\.venv\Lib\site-packages\comtypes\gen'
2026-06-11 16:50:03,121 [pyphi.conf] INFO MainProcess: PyPhi v1.2.0
2026-06-11 16:50:03,121 [pyphi.conf] INFO MainProcess: Loaded configuration from ['D:\\Universidad\\Analisis y Diseño de Algoritmos\\Proyecto 2026-1\\projecto-analisis-20261\\K-GeoMIP\\src\\Method2_Dynamic_Programming_Reformulation\\pyphi_config.yml']
2026-06-11 16:50:03,121 [pyphi.conf] INFO MainProcess: Current PyPhi configuration:
 { 'ASSUME_CUTS_CANNOT_CREATE_NEW_CONCEPTS': False,
  'CACHE_POTENTIAL_PURVIEWS': True,
  'CACHE_REPERTOIRES': True,
  'CACHE_SIAS': False,
  'CACHING_BACKEND': 'fs',
  'CLEAR_SUBSYSTEM_CACHES_AFTER_COMPUTING_SIA': False,
  'CUT_ONE_APPROXIMATION': False,
  'FS_CACHE_DIRECTORY': '__pyphi_cache__',
  'FS_CACHE_VERBOSITY': 0,
  'LOG_FILE': 'pyphi.log',
  'LOG_FILE_LEVEL': 'INFO',
  'LOG_STDOUT_LEVEL': 'WARNING',
  'MAXIMUM_CACHE_MEMORY_PERCENTAGE': 50,
  'MEASURE': 'EMD',
  'MONGODB_CONFIG': { 'collection_name': 'cache',
                      'database_name': 'pyphi',
                      'host': 'localhost',
                      'port': 27017},
  'NUMBER_OF_CORES': -1,
  'PARALLEL_COMPLEX_EVALUATION': False,
  'PARALLEL_CONCEPT_EVALUATION': False,
  'PARALLEL_CUT_EVALUATION': True,
  'PARTITION_TYPE': 'BI',
  'PICK_SMALLEST_PURVIEW': False,
  'PRECISION': 6,
  'PRINT_FRACTIONS': True,
  'PROGRESS_BARS': True,
  'REDIS_CACHE': False,
  'REDIS_CONFIG': {'db': 0, 'host': 'localhost', 'port': 6379, 'test_db': 1},
  'REPR_VERBOSITY': 2,
  'SINGLE_MICRO_NODES_WITH_SELFLOOPS_HAVE_PHI': False,
  'SYSTEM_CUTS': '3.0_STYLE',
  'USE_SMALL_PHI_DIFFERENCE_FOR_CES_DISTANCE': False,
  'VALIDATE_CONDITIONAL_INDEPENDENCE': True,
  'VALIDATE_SUBSYSTEM_STATES': True,
  'WELCOME_OFF': True}
2026-06-11 16:50:04,569 [comtypes.client._code_cache] INFO MainProcess: Imported existing <module 'comtypes.gen' from 'D:\\Universidad\\Analisis y Diseño de Algoritmos\\Proyecto 2026-1\\projecto-analisis-20261\\K-GeoMIP\\src\\Method2_Dynamic_Programming_Reformulation\\.venv\\Lib\\site-packages\\comtypes\\gen\\__init__.py'>
2026-06-11 16:50:04,570 [comtypes.client._code_cache] INFO MainProcess: Using writeable comtypes cache directory: 'D:\Universidad\Analisis y Diseño de Algoritmos\Proyecto 2026-1\projecto-analisis-20261\K-GeoMIP\src\Method2_Dynamic_Programming_Reformulation\.venv\Lib\site-packages\comtypes\gen'
2026-06-11 16:51:21,133 [pyphi.conf] INFO MainProcess: PyPhi v1.2.0
2026-06-11 16:51:21,133 [pyphi.conf] INFO MainProcess: Loaded configuration from ['D:\\Universidad\\Analisis y Diseño de Algoritmos\\Proyecto 2026-1\\projecto-analisis-20261\\K-GeoMIP\\src\\Method2_Dynamic_Programming_Reformulation\\pyphi_config.yml']
2026-06-11 16:51:21,133 [pyphi.conf] INFO MainProcess: Current PyPhi configuration:
 { 'ASSUME_CUTS_CANNOT_CREATE_NEW_CONCEPTS': False,
  'CACHE_POTENTIAL_PURVIEWS': True,
  'CACHE_REPERTOIRES': True,
  'CACHE_SIAS': False,
  'CACHING_BACKEND': 'fs',
  'CLEAR_SUBSYSTEM_CACHES_AFTER_COMPUTING_SIA': False,
  'CUT_ONE_APPROXIMATION': False,
  'FS_CACHE_DIRECTORY': '__pyphi_cache__',
  'FS_CACHE_VERBOSITY': 0,
  'LOG_FILE': 'pyphi.log',
  'LOG_FILE_LEVEL': 'INFO',
  'LOG_STDOUT_LEVEL': 'WARNING',
  'MAXIMUM_CACHE_MEMORY_PERCENTAGE': 50,
  'MEASURE': 'EMD',
  'MONGODB_CONFIG': { 'collection_name': 'cache',
                      'database_name': 'pyphi',
                      'host': 'localhost',
                      'port': 27017},
  'NUMBER_OF_CORES': -1,
  'PARALLEL_COMPLEX_EVALUATION': False,
  'PARALLEL_CONCEPT_EVALUATION': False,
  'PARALLEL_CUT_EVALUATION': True,
  'PARTITION_TYPE': 'BI',
  'PICK_SMALLEST_PURVIEW': False,
  'PRECISION': 6,
  'PRINT_FRACTIONS': True,
  'PROGRESS_BARS': True,
  'REDIS_CACHE': False,
  'REDIS_CONFIG': {'db': 0, 'host': 'localhost', 'port': 6379, 'test_db': 1},
  'REPR_VERBOSITY': 2,
  'SINGLE_MICRO_NODES_WITH_SELFLOOPS_HAVE_PHI': False,
  'SYSTEM_CUTS': '3.0_STYLE',
  'USE_SMALL_PHI_DIFFERENCE_FOR_CES_DISTANCE': False,
  'VALIDATE_CONDITIONAL_INDEPENDENCE': True,
  'VALIDATE_SUBSYSTEM_STATES': True,
  'WELCOME_OFF': True}
2026-06-11 16:51:22,749 [comtypes.client._code_cache] INFO MainProcess: Imported existing <module 'comtypes.gen' from 'D:\\Universidad\\Analisis y Diseño de Algoritmos\\Proyecto 2026-1\\projecto-analisis-20261\\K-GeoMIP\\src\\Method2_Dynamic_Programming_Reformulation\\.venv\\Lib\\site-packages\\comtypes\\gen\\__init__.py'>
2026-06-11 16:51:22,749 [comtypes.client._code_cache] INFO MainProcess: Using writeable comtypes cache directory: 'D:\Universidad\Analisis y Diseño de Algoritmos\Proyecto 2026-1\projecto-analisis-20261\K-GeoMIP\src\Method2_Dynamic_Programming_Reformulation\.venv\Lib\site-packages\comtypes\gen'
2026-06-11 16:52:09,175 [pyphi.conf] INFO MainProcess: PyPhi v1.2.0
2026-06-11 16:52:09,175 [pyphi.conf] INFO MainProcess: Loaded configuration from ['D:\\Universidad\\Analisis y Diseño de Algoritmos\\Proyecto 2026-1\\projecto-analisis-20261\\K-GeoMIP\\src\\Method2_Dynamic_Programming_Reformulation\\pyphi_config.yml']
2026-06-11 16:52:09,176 [pyphi.conf] INFO MainProcess: Current PyPhi configuration:
 { 'ASSUME_CUTS_CANNOT_CREATE_NEW_CONCEPTS': False,
  'CACHE_POTENTIAL_PURVIEWS': True,
  'CACHE_REPERTOIRES': True,
  'CACHE_SIAS': False,
  'CACHING_BACKEND': 'fs',
  'CLEAR_SUBSYSTEM_CACHES_AFTER_COMPUTING_SIA': False,
  'CUT_ONE_APPROXIMATION': False,
  'FS_CACHE_DIRECTORY': '__pyphi_cache__',
  'FS_CACHE_VERBOSITY': 0,
  'LOG_FILE': 'pyphi.log',
  'LOG_FILE_LEVEL': 'INFO',
  'LOG_STDOUT_LEVEL': 'WARNING',
  'MAXIMUM_CACHE_MEMORY_PERCENTAGE': 50,
  'MEASURE': 'EMD',
  'MONGODB_CONFIG': { 'collection_name': 'cache',
                      'database_name': 'pyphi',
                      'host': 'localhost',
                      'port': 27017},
  'NUMBER_OF_CORES': -1,
  'PARALLEL_COMPLEX_EVALUATION': False,
  'PARALLEL_CONCEPT_EVALUATION': False,
  'PARALLEL_CUT_EVALUATION': True,
  'PARTITION_TYPE': 'BI',
  'PICK_SMALLEST_PURVIEW': False,
  'PRECISION': 6,
  'PRINT_FRACTIONS': True,
  'PROGRESS_BARS': True,
  'REDIS_CACHE': False,
  'REDIS_CONFIG': {'db': 0, 'host': 'localhost', 'port': 6379, 'test_db': 1},
  'REPR_VERBOSITY': 2,
  'SINGLE_MICRO_NODES_WITH_SELFLOOPS_HAVE_PHI': False,
  'SYSTEM_CUTS': '3.0_STYLE',
  'USE_SMALL_PHI_DIFFERENCE_FOR_CES_DISTANCE': False,
  'VALIDATE_CONDITIONAL_INDEPENDENCE': True,
  'VALIDATE_SUBSYSTEM_STATES': True,
  'WELCOME_OFF': True}
2026-06-11 16:52:15,013 [comtypes.client._code_cache] INFO MainProcess: Imported existing <module 'comtypes.gen' from 'D:\\Universidad\\Analisis y Diseño de Algoritmos\\Proyecto 2026-1\\projecto-analisis-20261\\K-GeoMIP\\src\\Method2_Dynamic_Programming_Reformulation\\.venv\\Lib\\site-packages\\comtypes\\gen\\__init__.py'>
2026-06-11 16:52:15,014 [comtypes.client._code_cache] INFO MainProcess: Using writeable comtypes cache directory: 'D:\Universidad\Analisis y Diseño de Algoritmos\Proyecto 2026-1\projecto-analisis-20261\K-GeoMIP\src\Method2_Dynamic_Programming_Reformulation\.venv\Lib\site-packages\comtypes\gen'
2026-06-11 17:03:42,490 [pyphi.conf] INFO MainProcess: PyPhi v1.2.0
2026-06-11 17:03:42,491 [pyphi.conf] INFO MainProcess: Loaded configuration from ['D:\\Universidad\\Analisis y Diseño de Algoritmos\\Proyecto 2026-1\\projecto-analisis-20261\\K-GeoMIP\\src\\Method2_Dynamic_Programming_Reformulation\\pyphi_config.yml']
2026-06-11 17:03:42,491 [pyphi.conf] INFO MainProcess: Current PyPhi configuration:
 { 'ASSUME_CUTS_CANNOT_CREATE_NEW_CONCEPTS': False,
  'CACHE_POTENTIAL_PURVIEWS': True,
  'CACHE_REPERTOIRES': True,
  'CACHE_SIAS': False,
  'CACHING_BACKEND': 'fs',
  'CLEAR_SUBSYSTEM_CACHES_AFTER_COMPUTING_SIA': False,
  'CUT_ONE_APPROXIMATION': False,
  'FS_CACHE_DIRECTORY': '__pyphi_cache__',
  'FS_CACHE_VERBOSITY': 0,
  'LOG_FILE': 'pyphi.log',
  'LOG_FILE_LEVEL': 'INFO',
  'LOG_STDOUT_LEVEL': 'WARNING',
  'MAXIMUM_CACHE_MEMORY_PERCENTAGE': 50,
  'MEASURE': 'EMD',
  'MONGODB_CONFIG': { 'collection_name': 'cache',
                      'database_name': 'pyphi',
                      'host': 'localhost',
                      'port': 27017},
  'NUMBER_OF_CORES': -1,
  'PARALLEL_COMPLEX_EVALUATION': False,
  'PARALLEL_CONCEPT_EVALUATION': False,
  'PARALLEL_CUT_EVALUATION': True,
  'PARTITION_TYPE': 'BI',
  'PICK_SMALLEST_PURVIEW': False,
  'PRECISION': 6,
  'PRINT_FRACTIONS': True,
  'PROGRESS_BARS': True,
  'REDIS_CACHE': False,
  'REDIS_CONFIG': {'db': 0, 'host': 'localhost', 'port': 6379, 'test_db': 1},
  'REPR_VERBOSITY': 2,
  'SINGLE_MICRO_NODES_WITH_SELFLOOPS_HAVE_PHI': False,
  'SYSTEM_CUTS': '3.0_STYLE',
  'USE_SMALL_PHI_DIFFERENCE_FOR_CES_DISTANCE': False,
  'VALIDATE_CONDITIONAL_INDEPENDENCE': True,
  'VALIDATE_SUBSYSTEM_STATES': True,
  'WELCOME_OFF': True}
2026-06-11 17:03:44,492 [comtypes.client._code_cache] INFO MainProcess: Imported existing <module 'comtypes.gen' from 'D:\\Universidad\\Analisis y Diseño de Algoritmos\\Proyecto 2026-1\\projecto-analisis-20261\\K-GeoMIP\\src\\Method2_Dynamic_Programming_Reformulation\\.venv\\Lib\\site-packages\\comtypes\\gen\\__init__.py'>
2026-06-11 17:03:44,493 [comtypes.client._code_cache] INFO MainProcess: Using writeable comtypes cache directory: 'D:\Universidad\Analisis y Diseño de Algoritmos\Proyecto 2026-1\projecto-analisis-20261\K-GeoMIP\src\Method2_Dynamic_Programming_Reformulation\.venv\Lib\site-packages\comtypes\gen'
2026-06-11 17:31:05,268 [pyphi.conf] INFO MainProcess: PyPhi v1.2.0
2026-06-11 17:31:05,269 [pyphi.conf] INFO MainProcess: Loaded configuration from ['D:\\Universidad\\Analisis y Diseño de Algoritmos\\Proyecto 2026-1\\projecto-analisis-20261\\K-GeoMIP\\src\\Method2_Dynamic_Programming_Reformulation\\pyphi_config.yml']
2026-06-11 17:31:05,269 [pyphi.conf] INFO MainProcess: Current PyPhi configuration:
 { 'ASSUME_CUTS_CANNOT_CREATE_NEW_CONCEPTS': False,
  'CACHE_POTENTIAL_PURVIEWS': True,
  'CACHE_REPERTOIRES': True,
  'CACHE_SIAS': False,
  'CACHING_BACKEND': 'fs',
  'CLEAR_SUBSYSTEM_CACHES_AFTER_COMPUTING_SIA': False,
  'CUT_ONE_APPROXIMATION': False,
  'FS_CACHE_DIRECTORY': '__pyphi_cache__',
  'FS_CACHE_VERBOSITY': 0,
  'LOG_FILE': 'pyphi.log',
  'LOG_FILE_LEVEL': 'INFO',
  'LOG_STDOUT_LEVEL': 'WARNING',
  'MAXIMUM_CACHE_MEMORY_PERCENTAGE': 50,
  'MEASURE': 'EMD',
  'MONGODB_CONFIG': { 'collection_name': 'cache',
                      'database_name': 'pyphi',
                      'host': 'localhost',
                      'port': 27017},
  'NUMBER_OF_CORES': -1,
  'PARALLEL_COMPLEX_EVALUATION': False,
  'PARALLEL_CONCEPT_EVALUATION': False,
  'PARALLEL_CUT_EVALUATION': True,
  'PARTITION_TYPE': 'BI',
  'PICK_SMALLEST_PURVIEW': False,
  'PRECISION': 6,
  'PRINT_FRACTIONS': True,
  'PROGRESS_BARS': True,
  'REDIS_CACHE': False,
  'REDIS_CONFIG': {'db': 0, 'host': 'localhost', 'port': 6379, 'test_db': 1},
  'REPR_VERBOSITY': 2,
  'SINGLE_MICRO_NODES_WITH_SELFLOOPS_HAVE_PHI': False,
  'SYSTEM_CUTS': '3.0_STYLE',
  'USE_SMALL_PHI_DIFFERENCE_FOR_CES_DISTANCE': False,
  'VALIDATE_CONDITIONAL_INDEPENDENCE': True,
  'VALIDATE_SUBSYSTEM_STATES': True,
  'WELCOME_OFF': True}
2026-06-11 17:31:06,881 [comtypes.client._code_cache] INFO MainProcess: Imported existing <module 'comtypes.gen' from 'D:\\Universidad\\Analisis y Diseño de Algoritmos\\Proyecto 2026-1\\projecto-analisis-20261\\K-GeoMIP\\src\\Method2_Dynamic_Programming_Reformulation\\.venv\\Lib\\site-packages\\comtypes\\gen\\__init__.py'>
2026-06-11 17:31:06,881 [comtypes.client._code_cache] INFO MainProcess: Using writeable comtypes cache directory: 'D:\Universidad\Analisis y Diseño de Algoritmos\Proyecto 2026-1\projecto-analisis-20261\K-GeoMIP\src\Method2_Dynamic_Programming_Reformulation\.venv\Lib\site-packages\comtypes\gen'
2026-06-11 20:00:00,470 [pyphi.conf] INFO MainProcess: PyPhi v1.2.0
2026-06-11 20:00:00,473 [pyphi.conf] INFO MainProcess: Loaded configuration from ['D:\\Universidad\\Analisis y Diseño de Algoritmos\\Proyecto 2026-1\\projecto-analisis-20261\\K-GeoMIP\\src\\Method2_Dynamic_Programming_Reformulation\\pyphi_config.yml']
2026-06-11 20:00:00,474 [pyphi.conf] INFO MainProcess: Current PyPhi configuration:
 { 'ASSUME_CUTS_CANNOT_CREATE_NEW_CONCEPTS': False,
  'CACHE_POTENTIAL_PURVIEWS': True,
  'CACHE_REPERTOIRES': True,
  'CACHE_SIAS': False,
  'CACHING_BACKEND': 'fs',
  'CLEAR_SUBSYSTEM_CACHES_AFTER_COMPUTING_SIA': False,
  'CUT_ONE_APPROXIMATION': False,
  'FS_CACHE_DIRECTORY': '__pyphi_cache__',
  'FS_CACHE_VERBOSITY': 0,
  'LOG_FILE': 'pyphi.log',
  'LOG_FILE_LEVEL': 'INFO',
  'LOG_STDOUT_LEVEL': 'WARNING',
  'MAXIMUM_CACHE_MEMORY_PERCENTAGE': 50,
  'MEASURE': 'EMD',
  'MONGODB_CONFIG': { 'collection_name': 'cache',
                      'database_name': 'pyphi',
                      'host': 'localhost',
                      'port': 27017},
  'NUMBER_OF_CORES': -1,
  'PARALLEL_COMPLEX_EVALUATION': False,
  'PARALLEL_CONCEPT_EVALUATION': False,
  'PARALLEL_CUT_EVALUATION': True,
  'PARTITION_TYPE': 'BI',
  'PICK_SMALLEST_PURVIEW': False,
  'PRECISION': 6,
  'PRINT_FRACTIONS': True,
  'PROGRESS_BARS': True,
  'REDIS_CACHE': False,
  'REDIS_CONFIG': {'db': 0, 'host': 'localhost', 'port': 6379, 'test_db': 1},
  'REPR_VERBOSITY': 2,
  'SINGLE_MICRO_NODES_WITH_SELFLOOPS_HAVE_PHI': False,
  'SYSTEM_CUTS': '3.0_STYLE',
  'USE_SMALL_PHI_DIFFERENCE_FOR_CES_DISTANCE': False,
  'VALIDATE_CONDITIONAL_INDEPENDENCE': True,
  'VALIDATE_SUBSYSTEM_STATES': True,
  'WELCOME_OFF': True}
2026-06-11 20:00:25,466 [pyphi.conf] INFO MainProcess: PyPhi v1.2.0
2026-06-11 20:00:25,466 [pyphi.conf] INFO MainProcess: Loaded configuration from ['D:\\Universidad\\Analisis y Diseño de Algoritmos\\Proyecto 2026-1\\projecto-analisis-20261\\K-GeoMIP\\src\\Method2_Dynamic_Programming_Reformulation\\pyphi_config.yml']
2026-06-11 20:00:25,467 [pyphi.conf] INFO MainProcess: Current PyPhi configuration:
 { 'ASSUME_CUTS_CANNOT_CREATE_NEW_CONCEPTS': False,
  'CACHE_POTENTIAL_PURVIEWS': True,
  'CACHE_REPERTOIRES': True,
  'CACHE_SIAS': False,
  'CACHING_BACKEND': 'fs',
  'CLEAR_SUBSYSTEM_CACHES_AFTER_COMPUTING_SIA': False,
  'CUT_ONE_APPROXIMATION': False,
  'FS_CACHE_DIRECTORY': '__pyphi_cache__',
  'FS_CACHE_VERBOSITY': 0,
  'LOG_FILE': 'pyphi.log',
  'LOG_FILE_LEVEL': 'INFO',
  'LOG_STDOUT_LEVEL': 'WARNING',
  'MAXIMUM_CACHE_MEMORY_PERCENTAGE': 50,
  'MEASURE': 'EMD',
  'MONGODB_CONFIG': { 'collection_name': 'cache',
                      'database_name': 'pyphi',
                      'host': 'localhost',
                      'port': 27017},
  'NUMBER_OF_CORES': -1,
  'PARALLEL_COMPLEX_EVALUATION': False,
  'PARALLEL_CONCEPT_EVALUATION': False,
  'PARALLEL_CUT_EVALUATION': True,
  'PARTITION_TYPE': 'BI',
  'PICK_SMALLEST_PURVIEW': False,
  'PRECISION': 6,
  'PRINT_FRACTIONS': True,
  'PROGRESS_BARS': True,
  'REDIS_CACHE': False,
  'REDIS_CONFIG': {'db': 0, 'host': 'localhost', 'port': 6379, 'test_db': 1},
  'REPR_VERBOSITY': 2,
  'SINGLE_MICRO_NODES_WITH_SELFLOOPS_HAVE_PHI': False,
  'SYSTEM_CUTS': '3.0_STYLE',
  'USE_SMALL_PHI_DIFFERENCE_FOR_CES_DISTANCE': False,
  'VALIDATE_CONDITIONAL_INDEPENDENCE': True,
  'VALIDATE_SUBSYSTEM_STATES': True,
  'WELCOME_OFF': True}
2026-06-11 20:00:28,181 [comtypes.client._code_cache] INFO MainProcess: Imported existing <module 'comtypes.gen' from 'D:\\Universidad\\Analisis y Diseño de Algoritmos\\Proyecto 2026-1\\projecto-analisis-20261\\K-GeoMIP\\src\\Method2_Dynamic_Programming_Reformulation\\.venv\\Lib\\site-packages\\comtypes\\gen\\__init__.py'>
2026-06-11 20:00:28,182 [comtypes.client._code_cache] INFO MainProcess: Using writeable comtypes cache directory: 'D:\Universidad\Analisis y Diseño de Algoritmos\Proyecto 2026-1\projecto-analisis-20261\K-GeoMIP\src\Method2_Dynamic_Programming_Reformulation\.venv\Lib\site-packages\comtypes\gen'
2026-06-11 20:01:54,842 [pyphi.conf] INFO MainProcess: PyPhi v1.2.0
2026-06-11 20:01:54,843 [pyphi.conf] INFO MainProcess: Loaded configuration from ['D:\\Universidad\\Analisis y Diseño de Algoritmos\\Proyecto 2026-1\\projecto-analisis-20261\\K-GeoMIP\\src\\Method2_Dynamic_Programming_Reformulation\\pyphi_config.yml']
2026-06-11 20:01:54,844 [pyphi.conf] INFO MainProcess: Current PyPhi configuration:
 { 'ASSUME_CUTS_CANNOT_CREATE_NEW_CONCEPTS': False,
  'CACHE_POTENTIAL_PURVIEWS': True,
  'CACHE_REPERTOIRES': True,
  'CACHE_SIAS': False,
  'CACHING_BACKEND': 'fs',
  'CLEAR_SUBSYSTEM_CACHES_AFTER_COMPUTING_SIA': False,
  'CUT_ONE_APPROXIMATION': False,
  'FS_CACHE_DIRECTORY': '__pyphi_cache__',
  'FS_CACHE_VERBOSITY': 0,
  'LOG_FILE': 'pyphi.log',
  'LOG_FILE_LEVEL': 'INFO',
  'LOG_STDOUT_LEVEL': 'WARNING',
  'MAXIMUM_CACHE_MEMORY_PERCENTAGE': 50,
  'MEASURE': 'EMD',
  'MONGODB_CONFIG': { 'collection_name': 'cache',
                      'database_name': 'pyphi',
                      'host': 'localhost',
                      'port': 27017},
  'NUMBER_OF_CORES': -1,
  'PARALLEL_COMPLEX_EVALUATION': False,
  'PARALLEL_CONCEPT_EVALUATION': False,
  'PARALLEL_CUT_EVALUATION': True,
  'PARTITION_TYPE': 'BI',
  'PICK_SMALLEST_PURVIEW': False,
  'PRECISION': 6,
  'PRINT_FRACTIONS': True,
  'PROGRESS_BARS': True,
  'REDIS_CACHE': False,
  'REDIS_CONFIG': {'db': 0, 'host': 'localhost', 'port': 6379, 'test_db': 1},
  'REPR_VERBOSITY': 2,
  'SINGLE_MICRO_NODES_WITH_SELFLOOPS_HAVE_PHI': False,
  'SYSTEM_CUTS': '3.0_STYLE',
  'USE_SMALL_PHI_DIFFERENCE_FOR_CES_DISTANCE': False,
  'VALIDATE_CONDITIONAL_INDEPENDENCE': True,
  'VALIDATE_SUBSYSTEM_STATES': True,
  'WELCOME_OFF': True}
2026-06-11 20:01:57,119 [comtypes.client._code_cache] INFO MainProcess: Imported existing <module 'comtypes.gen' from 'D:\\Universidad\\Analisis y Diseño de Algoritmos\\Proyecto 2026-1\\projecto-analisis-20261\\K-GeoMIP\\src\\Method2_Dynamic_Programming_Reformulation\\.venv\\Lib\\site-packages\\comtypes\\gen\\__init__.py'>
2026-06-11 20:01:57,119 [comtypes.client._code_cache] INFO MainProcess: Using writeable comtypes cache directory: 'D:\Universidad\Analisis y Diseño de Algoritmos\Proyecto 2026-1\projecto-analisis-20261\K-GeoMIP\src\Method2_Dynamic_Programming_Reformulation\.venv\Lib\site-packages\comtypes\gen'
2026-06-11 21:00:35,308 [pyphi.conf] INFO MainProcess: PyPhi v1.2.0
2026-06-11 21:00:35,308 [pyphi.conf] INFO MainProcess: Loaded configuration from ['D:\\Universidad\\Analisis y Diseño de Algoritmos\\Proyecto 2026-1\\projecto-analisis-20261\\K-GeoMIP\\src\\Method2_Dynamic_Programming_Reformulation\\pyphi_config.yml']
2026-06-11 21:00:35,309 [pyphi.conf] INFO MainProcess: Current PyPhi configuration:
 { 'ASSUME_CUTS_CANNOT_CREATE_NEW_CONCEPTS': False,
  'CACHE_POTENTIAL_PURVIEWS': True,
  'CACHE_REPERTOIRES': True,
  'CACHE_SIAS': False,
  'CACHING_BACKEND': 'fs',
  'CLEAR_SUBSYSTEM_CACHES_AFTER_COMPUTING_SIA': False,
  'CUT_ONE_APPROXIMATION': False,
  'FS_CACHE_DIRECTORY': '__pyphi_cache__',
  'FS_CACHE_VERBOSITY': 0,
  'LOG_FILE': 'pyphi.log',
  'LOG_FILE_LEVEL': 'INFO',
  'LOG_STDOUT_LEVEL': 'WARNING',
  'MAXIMUM_CACHE_MEMORY_PERCENTAGE': 50,
  'MEASURE': 'EMD',
  'MONGODB_CONFIG': { 'collection_name': 'cache',
                      'database_name': 'pyphi',
                      'host': 'localhost',
                      'port': 27017},
  'NUMBER_OF_CORES': -1,
  'PARALLEL_COMPLEX_EVALUATION': False,
  'PARALLEL_CONCEPT_EVALUATION': False,
  'PARALLEL_CUT_EVALUATION': True,
  'PARTITION_TYPE': 'BI',
  'PICK_SMALLEST_PURVIEW': False,
  'PRECISION': 6,
  'PRINT_FRACTIONS': True,
  'PROGRESS_BARS': True,
  'REDIS_CACHE': False,
  'REDIS_CONFIG': {'db': 0, 'host': 'localhost', 'port': 6379, 'test_db': 1},
  'REPR_VERBOSITY': 2,
  'SINGLE_MICRO_NODES_WITH_SELFLOOPS_HAVE_PHI': False,
  'SYSTEM_CUTS': '3.0_STYLE',
  'USE_SMALL_PHI_DIFFERENCE_FOR_CES_DISTANCE': False,
  'VALIDATE_CONDITIONAL_INDEPENDENCE': True,
  'VALIDATE_SUBSYSTEM_STATES': True,
  'WELCOME_OFF': True}
2026-06-11 21:00:37,636 [comtypes.client._code_cache] INFO MainProcess: Imported existing <module 'comtypes.gen' from 'D:\\Universidad\\Analisis y Diseño de Algoritmos\\Proyecto 2026-1\\projecto-analisis-20261\\K-GeoMIP\\src\\Method2_Dynamic_Programming_Reformulation\\.venv\\Lib\\site-packages\\comtypes\\gen\\__init__.py'>
2026-06-11 21:00:37,638 [comtypes.client._code_cache] INFO MainProcess: Using writeable comtypes cache directory: 'D:\Universidad\Analisis y Diseño de Algoritmos\Proyecto 2026-1\projecto-analisis-20261\K-GeoMIP\src\Method2_Dynamic_Programming_Reformulation\.venv\Lib\site-packages\comtypes\gen'
2026-06-11 21:40:56,830 [pyphi.conf] INFO MainProcess: PyPhi v1.2.0
2026-06-11 21:40:56,830 [pyphi.conf] INFO MainProcess: Loaded configuration from ['D:\\Universidad\\Analisis y Diseño de Algoritmos\\Proyecto 2026-1\\projecto-analisis-20261\\K-GeoMIP\\src\\Method2_Dynamic_Programming_Reformulation\\pyphi_config.yml']
2026-06-11 21:40:56,831 [pyphi.conf] INFO MainProcess: Current PyPhi configuration:
 { 'ASSUME_CUTS_CANNOT_CREATE_NEW_CONCEPTS': False,
  'CACHE_POTENTIAL_PURVIEWS': True,
  'CACHE_REPERTOIRES': True,
  'CACHE_SIAS': False,
  'CACHING_BACKEND': 'fs',
  'CLEAR_SUBSYSTEM_CACHES_AFTER_COMPUTING_SIA': False,
  'CUT_ONE_APPROXIMATION': False,
  'FS_CACHE_DIRECTORY': '__pyphi_cache__',
  'FS_CACHE_VERBOSITY': 0,
  'LOG_FILE': 'pyphi.log',
  'LOG_FILE_LEVEL': 'INFO',
  'LOG_STDOUT_LEVEL': 'WARNING',
  'MAXIMUM_CACHE_MEMORY_PERCENTAGE': 50,
  'MEASURE': 'EMD',
  'MONGODB_CONFIG': { 'collection_name': 'cache',
                      'database_name': 'pyphi',
                      'host': 'localhost',
                      'port': 27017},
  'NUMBER_OF_CORES': -1,
  'PARALLEL_COMPLEX_EVALUATION': False,
  'PARALLEL_CONCEPT_EVALUATION': False,
  'PARALLEL_CUT_EVALUATION': True,
  'PARTITION_TYPE': 'BI',
  'PICK_SMALLEST_PURVIEW': False,
  'PRECISION': 6,
  'PRINT_FRACTIONS': True,
  'PROGRESS_BARS': True,
  'REDIS_CACHE': False,
  'REDIS_CONFIG': {'db': 0, 'host': 'localhost', 'port': 6379, 'test_db': 1},
  'REPR_VERBOSITY': 2,
  'SINGLE_MICRO_NODES_WITH_SELFLOOPS_HAVE_PHI': False,
  'SYSTEM_CUTS': '3.0_STYLE',
  'USE_SMALL_PHI_DIFFERENCE_FOR_CES_DISTANCE': False,
  'VALIDATE_CONDITIONAL_INDEPENDENCE': True,
  'VALIDATE_SUBSYSTEM_STATES': True,
  'WELCOME_OFF': True}
2026-06-11 21:40:59,558 [comtypes.client._code_cache] INFO MainProcess: Imported existing <module 'comtypes.gen' from 'D:\\Universidad\\Analisis y Diseño de Algoritmos\\Proyecto 2026-1\\projecto-analisis-20261\\K-GeoMIP\\src\\Method2_Dynamic_Programming_Reformulation\\.venv\\Lib\\site-packages\\comtypes\\gen\\__init__.py'>
2026-06-11 21:40:59,558 [comtypes.client._code_cache] INFO MainProcess: Using writeable comtypes cache directory: 'D:\Universidad\Analisis y Diseño de Algoritmos\Proyecto 2026-1\projecto-analisis-20261\K-GeoMIP\src\Method2_Dynamic_Programming_Reformulation\.venv\Lib\site-packages\comtypes\gen'
2026-06-11 21:41:42,338 [pyphi.conf] INFO MainProcess: PyPhi v1.2.0
2026-06-11 21:41:42,338 [pyphi.conf] INFO MainProcess: Loaded configuration from ['D:\\Universidad\\Analisis y Diseño de Algoritmos\\Proyecto 2026-1\\projecto-analisis-20261\\K-GeoMIP\\src\\Method2_Dynamic_Programming_Reformulation\\pyphi_config.yml']
2026-06-11 21:41:42,338 [pyphi.conf] INFO MainProcess: Current PyPhi configuration:
 { 'ASSUME_CUTS_CANNOT_CREATE_NEW_CONCEPTS': False,
  'CACHE_POTENTIAL_PURVIEWS': True,
  'CACHE_REPERTOIRES': True,
  'CACHE_SIAS': False,
  'CACHING_BACKEND': 'fs',
  'CLEAR_SUBSYSTEM_CACHES_AFTER_COMPUTING_SIA': False,
  'CUT_ONE_APPROXIMATION': False,
  'FS_CACHE_DIRECTORY': '__pyphi_cache__',
  'FS_CACHE_VERBOSITY': 0,
  'LOG_FILE': 'pyphi.log',
  'LOG_FILE_LEVEL': 'INFO',
  'LOG_STDOUT_LEVEL': 'WARNING',
  'MAXIMUM_CACHE_MEMORY_PERCENTAGE': 50,
  'MEASURE': 'EMD',
  'MONGODB_CONFIG': { 'collection_name': 'cache',
                      'database_name': 'pyphi',
                      'host': 'localhost',
                      'port': 27017},
  'NUMBER_OF_CORES': -1,
  'PARALLEL_COMPLEX_EVALUATION': False,
  'PARALLEL_CONCEPT_EVALUATION': False,
  'PARALLEL_CUT_EVALUATION': True,
  'PARTITION_TYPE': 'BI',
  'PICK_SMALLEST_PURVIEW': False,
  'PRECISION': 6,
  'PRINT_FRACTIONS': True,
  'PROGRESS_BARS': True,
  'REDIS_CACHE': False,
  'REDIS_CONFIG': {'db': 0, 'host': 'localhost', 'port': 6379, 'test_db': 1},
  'REPR_VERBOSITY': 2,
  'SINGLE_MICRO_NODES_WITH_SELFLOOPS_HAVE_PHI': False,
  'SYSTEM_CUTS': '3.0_STYLE',
  'USE_SMALL_PHI_DIFFERENCE_FOR_CES_DISTANCE': False,
  'VALIDATE_CONDITIONAL_INDEPENDENCE': True,
  'VALIDATE_SUBSYSTEM_STATES': True,
  'WELCOME_OFF': True}
2026-06-11 21:41:44,681 [comtypes.client._code_cache] INFO MainProcess: Imported existing <module 'comtypes.gen' from 'D:\\Universidad\\Analisis y Diseño de Algoritmos\\Proyecto 2026-1\\projecto-analisis-20261\\K-GeoMIP\\src\\Method2_Dynamic_Programming_Reformulation\\.venv\\Lib\\site-packages\\comtypes\\gen\\__init__.py'>
2026-06-11 21:41:44,681 [comtypes.client._code_cache] INFO MainProcess: Using writeable comtypes cache directory: 'D:\Universidad\Analisis y Diseño de Algoritmos\Proyecto 2026-1\projecto-analisis-20261\K-GeoMIP\src\Method2_Dynamic_Programming_Reformulation\.venv\Lib\site-packages\comtypes\gen'
2026-06-11 21:55:35,646 [pyphi.conf] INFO MainProcess: PyPhi v1.2.0
2026-06-11 21:55:35,646 [pyphi.conf] INFO MainProcess: Loaded configuration from ['D:\\Universidad\\Analisis y Diseño de Algoritmos\\Proyecto 2026-1\\projecto-analisis-20261\\K-GeoMIP\\src\\Method2_Dynamic_Programming_Reformulation\\pyphi_config.yml']
2026-06-11 21:55:35,647 [pyphi.conf] INFO MainProcess: Current PyPhi configuration:
 { 'ASSUME_CUTS_CANNOT_CREATE_NEW_CONCEPTS': False,
  'CACHE_POTENTIAL_PURVIEWS': True,
  'CACHE_REPERTOIRES': True,
  'CACHE_SIAS': False,
  'CACHING_BACKEND': 'fs',
  'CLEAR_SUBSYSTEM_CACHES_AFTER_COMPUTING_SIA': False,
  'CUT_ONE_APPROXIMATION': False,
  'FS_CACHE_DIRECTORY': '__pyphi_cache__',
  'FS_CACHE_VERBOSITY': 0,
  'LOG_FILE': 'pyphi.log',
  'LOG_FILE_LEVEL': 'INFO',
  'LOG_STDOUT_LEVEL': 'WARNING',
  'MAXIMUM_CACHE_MEMORY_PERCENTAGE': 50,
  'MEASURE': 'EMD',
  'MONGODB_CONFIG': { 'collection_name': 'cache',
                      'database_name': 'pyphi',
                      'host': 'localhost',
                      'port': 27017},
  'NUMBER_OF_CORES': -1,
  'PARALLEL_COMPLEX_EVALUATION': False,
  'PARALLEL_CONCEPT_EVALUATION': False,
  'PARALLEL_CUT_EVALUATION': True,
  'PARTITION_TYPE': 'BI',
  'PICK_SMALLEST_PURVIEW': False,
  'PRECISION': 6,
  'PRINT_FRACTIONS': True,
  'PROGRESS_BARS': True,
  'REDIS_CACHE': False,
  'REDIS_CONFIG': {'db': 0, 'host': 'localhost', 'port': 6379, 'test_db': 1},
  'REPR_VERBOSITY': 2,
  'SINGLE_MICRO_NODES_WITH_SELFLOOPS_HAVE_PHI': False,
  'SYSTEM_CUTS': '3.0_STYLE',
  'USE_SMALL_PHI_DIFFERENCE_FOR_CES_DISTANCE': False,
  'VALIDATE_CONDITIONAL_INDEPENDENCE': True,
  'VALIDATE_SUBSYSTEM_STATES': True,
  'WELCOME_OFF': True}
2026-06-11 21:55:38,503 [comtypes.client._code_cache] INFO MainProcess: Imported existing <module 'comtypes.gen' from 'D:\\Universidad\\Analisis y Diseño de Algoritmos\\Proyecto 2026-1\\projecto-analisis-20261\\K-GeoMIP\\src\\Method2_Dynamic_Programming_Reformulation\\.venv\\Lib\\site-packages\\comtypes\\gen\\__init__.py'>
2026-06-11 21:55:38,504 [comtypes.client._code_cache] INFO MainProcess: Using writeable comtypes cache directory: 'D:\Universidad\Analisis y Diseño de Algoritmos\Proyecto 2026-1\projecto-analisis-20261\K-GeoMIP\src\Method2_Dynamic_Programming_Reformulation\.venv\Lib\site-packages\comtypes\gen'
2026-06-12 15:41:41,861 [pyphi.conf] INFO MainProcess: PyPhi v1.2.0
2026-06-12 15:41:41,861 [pyphi.conf] INFO MainProcess: Loaded configuration from ['D:\\Universidad\\Analisis y Diseño de Algoritmos\\Proyecto 2026-1\\projecto-analisis-20261\\K-GeoMIP\\src\\Method2_Dynamic_Programming_Reformulation\\pyphi_config.yml']
2026-06-12 15:41:41,862 [pyphi.conf] INFO MainProcess: Current PyPhi configuration:
 { 'ASSUME_CUTS_CANNOT_CREATE_NEW_CONCEPTS': False,
  'CACHE_POTENTIAL_PURVIEWS': True,
  'CACHE_REPERTOIRES': True,
  'CACHE_SIAS': False,
  'CACHING_BACKEND': 'fs',
  'CLEAR_SUBSYSTEM_CACHES_AFTER_COMPUTING_SIA': False,
  'CUT_ONE_APPROXIMATION': False,
  'FS_CACHE_DIRECTORY': '__pyphi_cache__',
  'FS_CACHE_VERBOSITY': 0,
  'LOG_FILE': 'pyphi.log',
  'LOG_FILE_LEVEL': 'INFO',
  'LOG_STDOUT_LEVEL': 'WARNING',
  'MAXIMUM_CACHE_MEMORY_PERCENTAGE': 50,
  'MEASURE': 'EMD',
  'MONGODB_CONFIG': { 'collection_name': 'cache',
                      'database_name': 'pyphi',
                      'host': 'localhost',
                      'port': 27017},
  'NUMBER_OF_CORES': -1,
  'PARALLEL_COMPLEX_EVALUATION': False,
  'PARALLEL_CONCEPT_EVALUATION': False,
  'PARALLEL_CUT_EVALUATION': True,
  'PARTITION_TYPE': 'BI',
  'PICK_SMALLEST_PURVIEW': False,
  'PRECISION': 6,
  'PRINT_FRACTIONS': True,
  'PROGRESS_BARS': True,
  'REDIS_CACHE': False,
  'REDIS_CONFIG': {'db': 0, 'host': 'localhost', 'port': 6379, 'test_db': 1},
  'REPR_VERBOSITY': 2,
  'SINGLE_MICRO_NODES_WITH_SELFLOOPS_HAVE_PHI': False,
  'SYSTEM_CUTS': '3.0_STYLE',
  'USE_SMALL_PHI_DIFFERENCE_FOR_CES_DISTANCE': False,
  'VALIDATE_CONDITIONAL_INDEPENDENCE': True,
  'VALIDATE_SUBSYSTEM_STATES': True,
  'WELCOME_OFF': True}
2026-06-12 15:41:52,332 [comtypes.client._code_cache] INFO MainProcess: Imported existing <module 'comtypes.gen' from 'D:\\Universidad\\Analisis y Diseño de Algoritmos\\Proyecto 2026-1\\projecto-analisis-20261\\K-GeoMIP\\src\\Method2_Dynamic_Programming_Reformulation\\.venv\\Lib\\site-packages\\comtypes\\gen\\__init__.py'>
2026-06-12 15:41:52,334 [comtypes.client._code_cache] INFO MainProcess: Using writeable comtypes cache directory: 'D:\Universidad\Analisis y Diseño de Algoritmos\Proyecto 2026-1\projecto-analisis-20261\K-GeoMIP\src\Method2_Dynamic_Programming_Reformulation\.venv\Lib\site-packages\comtypes\gen'
2026-06-12 15:43:37,998 [pyphi.conf] INFO MainProcess: PyPhi v1.2.0
2026-06-12 15:43:37,999 [pyphi.conf] INFO MainProcess: Loaded configuration from ['D:\\Universidad\\Analisis y Diseño de Algoritmos\\Proyecto 2026-1\\projecto-analisis-20261\\K-GeoMIP\\src\\Method2_Dynamic_Programming_Reformulation\\pyphi_config.yml']
2026-06-12 15:43:38,000 [pyphi.conf] INFO MainProcess: Current PyPhi configuration:
 { 'ASSUME_CUTS_CANNOT_CREATE_NEW_CONCEPTS': False,
  'CACHE_POTENTIAL_PURVIEWS': True,
  'CACHE_REPERTOIRES': True,
  'CACHE_SIAS': False,
  'CACHING_BACKEND': 'fs',
  'CLEAR_SUBSYSTEM_CACHES_AFTER_COMPUTING_SIA': False,
  'CUT_ONE_APPROXIMATION': False,
  'FS_CACHE_DIRECTORY': '__pyphi_cache__',
  'FS_CACHE_VERBOSITY': 0,
  'LOG_FILE': 'pyphi.log',
  'LOG_FILE_LEVEL': 'INFO',
  'LOG_STDOUT_LEVEL': 'WARNING',
  'MAXIMUM_CACHE_MEMORY_PERCENTAGE': 50,
  'MEASURE': 'EMD',
  'MONGODB_CONFIG': { 'collection_name': 'cache',
                      'database_name': 'pyphi',
                      'host': 'localhost',
                      'port': 27017},
  'NUMBER_OF_CORES': -1,
  'PARALLEL_COMPLEX_EVALUATION': False,
  'PARALLEL_CONCEPT_EVALUATION': False,
  'PARALLEL_CUT_EVALUATION': True,
  'PARTITION_TYPE': 'BI',
  'PICK_SMALLEST_PURVIEW': False,
  'PRECISION': 6,
  'PRINT_FRACTIONS': True,
  'PROGRESS_BARS': True,
  'REDIS_CACHE': False,
  'REDIS_CONFIG': {'db': 0, 'host': 'localhost', 'port': 6379, 'test_db': 1},
  'REPR_VERBOSITY': 2,
  'SINGLE_MICRO_NODES_WITH_SELFLOOPS_HAVE_PHI': False,
  'SYSTEM_CUTS': '3.0_STYLE',
  'USE_SMALL_PHI_DIFFERENCE_FOR_CES_DISTANCE': False,
  'VALIDATE_CONDITIONAL_INDEPENDENCE': True,
  'VALIDATE_SUBSYSTEM_STATES': True,
  'WELCOME_OFF': True}
2026-06-12 15:43:40,495 [comtypes.client._code_cache] INFO MainProcess: Imported existing <module 'comtypes.gen' from 'D:\\Universidad\\Analisis y Diseño de Algoritmos\\Proyecto 2026-1\\projecto-analisis-20261\\K-GeoMIP\\src\\Method2_Dynamic_Programming_Reformulation\\.venv\\Lib\\site-packages\\comtypes\\gen\\__init__.py'>
2026-06-12 15:43:40,496 [comtypes.client._code_cache] INFO MainProcess: Using writeable comtypes cache directory: 'D:\Universidad\Analisis y Diseño de Algoritmos\Proyecto 2026-1\projecto-analisis-20261\K-GeoMIP\src\Method2_Dynamic_Programming_Reformulation\.venv\Lib\site-packages\comtypes\gen'
2026-06-12 16:13:49,162 [pyphi.conf] INFO MainProcess: PyPhi v1.2.0
2026-06-12 16:13:49,162 [pyphi.conf] INFO MainProcess: Loaded configuration from ['D:\\Universidad\\Analisis y Diseño de Algoritmos\\Proyecto 2026-1\\projecto-analisis-20261\\K-GeoMIP\\src\\Method2_Dynamic_Programming_Reformulation\\pyphi_config.yml']
2026-06-12 16:13:49,164 [pyphi.conf] INFO MainProcess: Current PyPhi configuration:
 { 'ASSUME_CUTS_CANNOT_CREATE_NEW_CONCEPTS': False,
  'CACHE_POTENTIAL_PURVIEWS': True,
  'CACHE_REPERTOIRES': True,
  'CACHE_SIAS': False,
  'CACHING_BACKEND': 'fs',
  'CLEAR_SUBSYSTEM_CACHES_AFTER_COMPUTING_SIA': False,
  'CUT_ONE_APPROXIMATION': False,
  'FS_CACHE_DIRECTORY': '__pyphi_cache__',
  'FS_CACHE_VERBOSITY': 0,
  'LOG_FILE': 'pyphi.log',
  'LOG_FILE_LEVEL': 'INFO',
  'LOG_STDOUT_LEVEL': 'WARNING',
  'MAXIMUM_CACHE_MEMORY_PERCENTAGE': 50,
  'MEASURE': 'EMD',
  'MONGODB_CONFIG': { 'collection_name': 'cache',
                      'database_name': 'pyphi',
                      'host': 'localhost',
                      'port': 27017},
  'NUMBER_OF_CORES': -1,
  'PARALLEL_COMPLEX_EVALUATION': False,
  'PARALLEL_CONCEPT_EVALUATION': False,
  'PARALLEL_CUT_EVALUATION': True,
  'PARTITION_TYPE': 'BI',
  'PICK_SMALLEST_PURVIEW': False,
  'PRECISION': 6,
  'PRINT_FRACTIONS': True,
  'PROGRESS_BARS': True,
  'REDIS_CACHE': False,
  'REDIS_CONFIG': {'db': 0, 'host': 'localhost', 'port': 6379, 'test_db': 1},
  'REPR_VERBOSITY': 2,
  'SINGLE_MICRO_NODES_WITH_SELFLOOPS_HAVE_PHI': False,
  'SYSTEM_CUTS': '3.0_STYLE',
  'USE_SMALL_PHI_DIFFERENCE_FOR_CES_DISTANCE': False,
  'VALIDATE_CONDITIONAL_INDEPENDENCE': True,
  'VALIDATE_SUBSYSTEM_STATES': True,
  'WELCOME_OFF': True}
2026-06-12 16:13:52,133 [comtypes.client._code_cache] INFO MainProcess: Imported existing <module 'comtypes.gen' from 'D:\\Universidad\\Analisis y Diseño de Algoritmos\\Proyecto 2026-1\\projecto-analisis-20261\\K-GeoMIP\\src\\Method2_Dynamic_Programming_Reformulation\\.venv\\Lib\\site-packages\\comtypes\\gen\\__init__.py'>
2026-06-12 16:13:52,135 [comtypes.client._code_cache] INFO MainProcess: Using writeable comtypes cache directory: 'D:\Universidad\Analisis y Diseño de Algoritmos\Proyecto 2026-1\projecto-analisis-20261\K-GeoMIP\src\Method2_Dynamic_Programming_Reformulation\.venv\Lib\site-packages\comtypes\gen'
2026-06-12 16:19:07,987 [pyphi.conf] INFO MainProcess: PyPhi v1.2.0
2026-06-12 16:19:07,987 [pyphi.conf] INFO MainProcess: Loaded configuration from ['D:\\Universidad\\Analisis y Diseño de Algoritmos\\Proyecto 2026-1\\projecto-analisis-20261\\K-GeoMIP\\src\\Method2_Dynamic_Programming_Reformulation\\pyphi_config.yml']
2026-06-12 16:19:07,988 [pyphi.conf] INFO MainProcess: Current PyPhi configuration:
 { 'ASSUME_CUTS_CANNOT_CREATE_NEW_CONCEPTS': False,
  'CACHE_POTENTIAL_PURVIEWS': True,
  'CACHE_REPERTOIRES': True,
  'CACHE_SIAS': False,
  'CACHING_BACKEND': 'fs',
  'CLEAR_SUBSYSTEM_CACHES_AFTER_COMPUTING_SIA': False,
  'CUT_ONE_APPROXIMATION': False,
  'FS_CACHE_DIRECTORY': '__pyphi_cache__',
  'FS_CACHE_VERBOSITY': 0,
  'LOG_FILE': 'pyphi.log',
  'LOG_FILE_LEVEL': 'INFO',
  'LOG_STDOUT_LEVEL': 'WARNING',
  'MAXIMUM_CACHE_MEMORY_PERCENTAGE': 50,
  'MEASURE': 'EMD',
  'MONGODB_CONFIG': { 'collection_name': 'cache',
                      'database_name': 'pyphi',
                      'host': 'localhost',
                      'port': 27017},
  'NUMBER_OF_CORES': -1,
  'PARALLEL_COMPLEX_EVALUATION': False,
  'PARALLEL_CONCEPT_EVALUATION': False,
  'PARALLEL_CUT_EVALUATION': True,
  'PARTITION_TYPE': 'BI',
  'PICK_SMALLEST_PURVIEW': False,
  'PRECISION': 6,
  'PRINT_FRACTIONS': True,
  'PROGRESS_BARS': True,
  'REDIS_CACHE': False,
  'REDIS_CONFIG': {'db': 0, 'host': 'localhost', 'port': 6379, 'test_db': 1},
  'REPR_VERBOSITY': 2,
  'SINGLE_MICRO_NODES_WITH_SELFLOOPS_HAVE_PHI': False,
  'SYSTEM_CUTS': '3.0_STYLE',
  'USE_SMALL_PHI_DIFFERENCE_FOR_CES_DISTANCE': False,
  'VALIDATE_CONDITIONAL_INDEPENDENCE': True,
  'VALIDATE_SUBSYSTEM_STATES': True,
  'WELCOME_OFF': True}
2026-06-12 16:19:09,922 [comtypes.client._code_cache] INFO MainProcess: Imported existing <module 'comtypes.gen' from 'D:\\Universidad\\Analisis y Diseño de Algoritmos\\Proyecto 2026-1\\projecto-analisis-20261\\K-GeoMIP\\src\\Method2_Dynamic_Programming_Reformulation\\.venv\\Lib\\site-packages\\comtypes\\gen\\__init__.py'>
2026-06-12 16:19:09,922 [comtypes.client._code_cache] INFO MainProcess: Using writeable comtypes cache directory: 'D:\Universidad\Analisis y Diseño de Algoritmos\Proyecto 2026-1\projecto-analisis-20261\K-GeoMIP\src\Method2_Dynamic_Programming_Reformulation\.venv\Lib\site-packages\comtypes\gen'
2026-06-12 16:50:29,364 [pyphi.conf] INFO MainProcess: PyPhi v1.2.0
2026-06-12 16:50:29,364 [pyphi.conf] INFO MainProcess: Loaded configuration from ['D:\\Universidad\\Analisis y Diseño de Algoritmos\\Proyecto 2026-1\\projecto-analisis-20261\\K-GeoMIP\\src\\Method2_Dynamic_Programming_Reformulation\\pyphi_config.yml']
2026-06-12 16:50:29,365 [pyphi.conf] INFO MainProcess: Current PyPhi configuration:
 { 'ASSUME_CUTS_CANNOT_CREATE_NEW_CONCEPTS': False,
  'CACHE_POTENTIAL_PURVIEWS': True,
  'CACHE_REPERTOIRES': True,
  'CACHE_SIAS': False,
  'CACHING_BACKEND': 'fs',
  'CLEAR_SUBSYSTEM_CACHES_AFTER_COMPUTING_SIA': False,
  'CUT_ONE_APPROXIMATION': False,
  'FS_CACHE_DIRECTORY': '__pyphi_cache__',
  'FS_CACHE_VERBOSITY': 0,
  'LOG_FILE': 'pyphi.log',
  'LOG_FILE_LEVEL': 'INFO',
  'LOG_STDOUT_LEVEL': 'WARNING',
  'MAXIMUM_CACHE_MEMORY_PERCENTAGE': 50,
  'MEASURE': 'EMD',
  'MONGODB_CONFIG': { 'collection_name': 'cache',
                      'database_name': 'pyphi',
                      'host': 'localhost',
                      'port': 27017},
  'NUMBER_OF_CORES': -1,
  'PARALLEL_COMPLEX_EVALUATION': False,
  'PARALLEL_CONCEPT_EVALUATION': False,
  'PARALLEL_CUT_EVALUATION': True,
  'PARTITION_TYPE': 'BI',
  'PICK_SMALLEST_PURVIEW': False,
  'PRECISION': 6,
  'PRINT_FRACTIONS': True,
  'PROGRESS_BARS': True,
  'REDIS_CACHE': False,
  'REDIS_CONFIG': {'db': 0, 'host': 'localhost', 'port': 6379, 'test_db': 1},
  'REPR_VERBOSITY': 2,
  'SINGLE_MICRO_NODES_WITH_SELFLOOPS_HAVE_PHI': False,
  'SYSTEM_CUTS': '3.0_STYLE',
  'USE_SMALL_PHI_DIFFERENCE_FOR_CES_DISTANCE': False,
  'VALIDATE_CONDITIONAL_INDEPENDENCE': True,
  'VALIDATE_SUBSYSTEM_STATES': True,
  'WELCOME_OFF': True}
2026-06-12 16:50:32,209 [comtypes.client._code_cache] INFO MainProcess: Imported existing <module 'comtypes.gen' from 'D:\\Universidad\\Analisis y Diseño de Algoritmos\\Proyecto 2026-1\\projecto-analisis-20261\\K-GeoMIP\\src\\Method2_Dynamic_Programming_Reformulation\\.venv\\Lib\\site-packages\\comtypes\\gen\\__init__.py'>
2026-06-12 16:50:32,220 [comtypes.client._code_cache] INFO MainProcess: Using writeable comtypes cache directory: 'D:\Universidad\Analisis y Diseño de Algoritmos\Proyecto 2026-1\projecto-analisis-20261\K-GeoMIP\src\Method2_Dynamic_Programming_Reformulation\.venv\Lib\site-packages\comtypes\gen'
2026-06-12 16:59:42,143 [pyphi.conf] INFO MainProcess: PyPhi v1.2.0
2026-06-12 16:59:42,143 [pyphi.conf] INFO MainProcess: Loaded configuration from ['D:\\Universidad\\Analisis y Diseño de Algoritmos\\Proyecto 2026-1\\projecto-analisis-20261\\K-GeoMIP\\src\\Method2_Dynamic_Programming_Reformulation\\pyphi_config.yml']
2026-06-12 16:59:42,144 [pyphi.conf] INFO MainProcess: Current PyPhi configuration:
 { 'ASSUME_CUTS_CANNOT_CREATE_NEW_CONCEPTS': False,
  'CACHE_POTENTIAL_PURVIEWS': True,
  'CACHE_REPERTOIRES': True,
  'CACHE_SIAS': False,
  'CACHING_BACKEND': 'fs',
  'CLEAR_SUBSYSTEM_CACHES_AFTER_COMPUTING_SIA': False,
  'CUT_ONE_APPROXIMATION': False,
  'FS_CACHE_DIRECTORY': '__pyphi_cache__',
  'FS_CACHE_VERBOSITY': 0,
  'LOG_FILE': 'pyphi.log',
  'LOG_FILE_LEVEL': 'INFO',
  'LOG_STDOUT_LEVEL': 'WARNING',
  'MAXIMUM_CACHE_MEMORY_PERCENTAGE': 50,
  'MEASURE': 'EMD',
  'MONGODB_CONFIG': { 'collection_name': 'cache',
                      'database_name': 'pyphi',
                      'host': 'localhost',
                      'port': 27017},
  'NUMBER_OF_CORES': -1,
  'PARALLEL_COMPLEX_EVALUATION': False,
  'PARALLEL_CONCEPT_EVALUATION': False,
  'PARALLEL_CUT_EVALUATION': True,
  'PARTITION_TYPE': 'BI',
  'PICK_SMALLEST_PURVIEW': False,
  'PRECISION': 6,
  'PRINT_FRACTIONS': True,
  'PROGRESS_BARS': True,
  'REDIS_CACHE': False,
  'REDIS_CONFIG': {'db': 0, 'host': 'localhost', 'port': 6379, 'test_db': 1},
  'REPR_VERBOSITY': 2,
  'SINGLE_MICRO_NODES_WITH_SELFLOOPS_HAVE_PHI': False,
  'SYSTEM_CUTS': '3.0_STYLE',
  'USE_SMALL_PHI_DIFFERENCE_FOR_CES_DISTANCE': False,
  'VALIDATE_CONDITIONAL_INDEPENDENCE': True,
  'VALIDATE_SUBSYSTEM_STATES': True,
  'WELCOME_OFF': True}
2026-06-12 16:59:44,516 [comtypes.client._code_cache] INFO MainProcess: Imported existing <module 'comtypes.gen' from 'D:\\Universidad\\Analisis y Diseño de Algoritmos\\Proyecto 2026-1\\projecto-analisis-20261\\K-GeoMIP\\src\\Method2_Dynamic_Programming_Reformulation\\.venv\\Lib\\site-packages\\comtypes\\gen\\__init__.py'>
2026-06-12 16:59:44,518 [comtypes.client._code_cache] INFO MainProcess: Using writeable comtypes cache directory: 'D:\Universidad\Analisis y Diseño de Algoritmos\Proyecto 2026-1\projecto-analisis-20261\K-GeoMIP\src\Method2_Dynamic_Programming_Reformulation\.venv\Lib\site-packages\comtypes\gen'
2026-06-12 18:31:27,321 [pyphi.conf] INFO MainProcess: PyPhi v1.2.0
2026-06-12 18:31:27,321 [pyphi.conf] INFO MainProcess: Loaded configuration from ['D:\\Universidad\\Analisis y Diseño de Algoritmos\\Proyecto 2026-1\\projecto-analisis-20261\\K-GeoMIP\\src\\Method2_Dynamic_Programming_Reformulation\\pyphi_config.yml']
2026-06-12 18:31:27,322 [pyphi.conf] INFO MainProcess: Current PyPhi configuration:
 { 'ASSUME_CUTS_CANNOT_CREATE_NEW_CONCEPTS': False,
  'CACHE_POTENTIAL_PURVIEWS': True,
  'CACHE_REPERTOIRES': True,
  'CACHE_SIAS': False,
  'CACHING_BACKEND': 'fs',
  'CLEAR_SUBSYSTEM_CACHES_AFTER_COMPUTING_SIA': False,
  'CUT_ONE_APPROXIMATION': False,
  'FS_CACHE_DIRECTORY': '__pyphi_cache__',
  'FS_CACHE_VERBOSITY': 0,
  'LOG_FILE': 'pyphi.log',
  'LOG_FILE_LEVEL': 'INFO',
  'LOG_STDOUT_LEVEL': 'WARNING',
  'MAXIMUM_CACHE_MEMORY_PERCENTAGE': 50,
  'MEASURE': 'EMD',
  'MONGODB_CONFIG': { 'collection_name': 'cache',
                      'database_name': 'pyphi',
                      'host': 'localhost',
                      'port': 27017},
  'NUMBER_OF_CORES': -1,
  'PARALLEL_COMPLEX_EVALUATION': False,
  'PARALLEL_CONCEPT_EVALUATION': False,
  'PARALLEL_CUT_EVALUATION': True,
  'PARTITION_TYPE': 'BI',
  'PICK_SMALLEST_PURVIEW': False,
  'PRECISION': 6,
  'PRINT_FRACTIONS': True,
  'PROGRESS_BARS': True,
  'REDIS_CACHE': False,
  'REDIS_CONFIG': {'db': 0, 'host': 'localhost', 'port': 6379, 'test_db': 1},
  'REPR_VERBOSITY': 2,
  'SINGLE_MICRO_NODES_WITH_SELFLOOPS_HAVE_PHI': False,
  'SYSTEM_CUTS': '3.0_STYLE',
  'USE_SMALL_PHI_DIFFERENCE_FOR_CES_DISTANCE': False,
  'VALIDATE_CONDITIONAL_INDEPENDENCE': True,
  'VALIDATE_SUBSYSTEM_STATES': True,
  'WELCOME_OFF': True}
2026-06-12 18:31:29,658 [comtypes.client._code_cache] INFO MainProcess: Imported existing <module 'comtypes.gen' from 'D:\\Universidad\\Analisis y Diseño de Algoritmos\\Proyecto 2026-1\\projecto-analisis-20261\\K-GeoMIP\\src\\Method2_Dynamic_Programming_Reformulation\\.venv\\Lib\\site-packages\\comtypes\\gen\\__init__.py'>
2026-06-12 18:31:29,658 [comtypes.client._code_cache] INFO MainProcess: Using writeable comtypes cache directory: 'D:\Universidad\Analisis y Diseño de Algoritmos\Proyecto 2026-1\projecto-analisis-20261\K-GeoMIP\src\Method2_Dynamic_Programming_Reformulation\.venv\Lib\site-packages\comtypes\gen'
2026-06-12 18:55:08,273 [pyphi.conf] INFO MainProcess: PyPhi v1.2.0
2026-06-12 18:55:08,273 [pyphi.conf] INFO MainProcess: Loaded configuration from ['D:\\Universidad\\Analisis y Diseño de Algoritmos\\Proyecto 2026-1\\projecto-analisis-20261\\K-GeoMIP\\src\\Method2_Dynamic_Programming_Reformulation\\pyphi_config.yml']
2026-06-12 18:55:08,274 [pyphi.conf] INFO MainProcess: Current PyPhi configuration:
 { 'ASSUME_CUTS_CANNOT_CREATE_NEW_CONCEPTS': False,
  'CACHE_POTENTIAL_PURVIEWS': True,
  'CACHE_REPERTOIRES': True,
  'CACHE_SIAS': False,
  'CACHING_BACKEND': 'fs',
  'CLEAR_SUBSYSTEM_CACHES_AFTER_COMPUTING_SIA': False,
  'CUT_ONE_APPROXIMATION': False,
  'FS_CACHE_DIRECTORY': '__pyphi_cache__',
  'FS_CACHE_VERBOSITY': 0,
  'LOG_FILE': 'pyphi.log',
  'LOG_FILE_LEVEL': 'INFO',
  'LOG_STDOUT_LEVEL': 'WARNING',
  'MAXIMUM_CACHE_MEMORY_PERCENTAGE': 50,
  'MEASURE': 'EMD',
  'MONGODB_CONFIG': { 'collection_name': 'cache',
                      'database_name': 'pyphi',
                      'host': 'localhost',
                      'port': 27017},
  'NUMBER_OF_CORES': -1,
  'PARALLEL_COMPLEX_EVALUATION': False,
  'PARALLEL_CONCEPT_EVALUATION': False,
  'PARALLEL_CUT_EVALUATION': True,
  'PARTITION_TYPE': 'BI',
  'PICK_SMALLEST_PURVIEW': False,
  'PRECISION': 6,
  'PRINT_FRACTIONS': True,
  'PROGRESS_BARS': True,
  'REDIS_CACHE': False,
  'REDIS_CONFIG': {'db': 0, 'host': 'localhost', 'port': 6379, 'test_db': 1},
  'REPR_VERBOSITY': 2,
  'SINGLE_MICRO_NODES_WITH_SELFLOOPS_HAVE_PHI': False,
  'SYSTEM_CUTS': '3.0_STYLE',
  'USE_SMALL_PHI_DIFFERENCE_FOR_CES_DISTANCE': False,
  'VALIDATE_CONDITIONAL_INDEPENDENCE': True,
  'VALIDATE_SUBSYSTEM_STATES': True,
  'WELCOME_OFF': True}
2026-06-12 18:55:18,835 [comtypes.client._code_cache] INFO MainProcess: Imported existing <module 'comtypes.gen' from 'D:\\Universidad\\Analisis y Diseño de Algoritmos\\Proyecto 2026-1\\projecto-analisis-20261\\K-GeoMIP\\src\\Method2_Dynamic_Programming_Reformulation\\.venv\\Lib\\site-packages\\comtypes\\gen\\__init__.py'>
2026-06-12 18:55:18,837 [comtypes.client._code_cache] INFO MainProcess: Using writeable comtypes cache directory: 'D:\Universidad\Analisis y Diseño de Algoritmos\Proyecto 2026-1\projecto-analisis-20261\K-GeoMIP\src\Method2_Dynamic_Programming_Reformulation\.venv\Lib\site-packages\comtypes\gen'
2026-06-12 23:30:56,143 [pyphi.conf] INFO MainProcess: PyPhi v1.2.0
2026-06-12 23:30:56,145 [pyphi.conf] INFO MainProcess: Loaded configuration from ['D:\\Universidad\\Analisis y Diseño de Algoritmos\\Proyecto 2026-1\\projecto-analisis-20261\\K-GeoMIP\\src\\Method2_Dynamic_Programming_Reformulation\\pyphi_config.yml']
2026-06-12 23:30:56,145 [pyphi.conf] INFO MainProcess: Current PyPhi configuration:
 { 'ASSUME_CUTS_CANNOT_CREATE_NEW_CONCEPTS': False,
  'CACHE_POTENTIAL_PURVIEWS': True,
  'CACHE_REPERTOIRES': True,
  'CACHE_SIAS': False,
  'CACHING_BACKEND': 'fs',
  'CLEAR_SUBSYSTEM_CACHES_AFTER_COMPUTING_SIA': False,
  'CUT_ONE_APPROXIMATION': False,
  'FS_CACHE_DIRECTORY': '__pyphi_cache__',
  'FS_CACHE_VERBOSITY': 0,
  'LOG_FILE': 'pyphi.log',
  'LOG_FILE_LEVEL': 'INFO',
  'LOG_STDOUT_LEVEL': 'WARNING',
  'MAXIMUM_CACHE_MEMORY_PERCENTAGE': 50,
  'MEASURE': 'EMD',
  'MONGODB_CONFIG': { 'collection_name': 'cache',
                      'database_name': 'pyphi',
                      'host': 'localhost',
                      'port': 27017},
  'NUMBER_OF_CORES': -1,
  'PARALLEL_COMPLEX_EVALUATION': False,
  'PARALLEL_CONCEPT_EVALUATION': False,
  'PARALLEL_CUT_EVALUATION': True,
  'PARTITION_TYPE': 'BI',
  'PICK_SMALLEST_PURVIEW': False,
  'PRECISION': 6,
  'PRINT_FRACTIONS': True,
  'PROGRESS_BARS': True,
  'REDIS_CACHE': False,
  'REDIS_CONFIG': {'db': 0, 'host': 'localhost', 'port': 6379, 'test_db': 1},
  'REPR_VERBOSITY': 2,
  'SINGLE_MICRO_NODES_WITH_SELFLOOPS_HAVE_PHI': False,
  'SYSTEM_CUTS': '3.0_STYLE',
  'USE_SMALL_PHI_DIFFERENCE_FOR_CES_DISTANCE': False,
  'VALIDATE_CONDITIONAL_INDEPENDENCE': True,
  'VALIDATE_SUBSYSTEM_STATES': True,
  'WELCOME_OFF': True}
2026-06-12 23:31:10,177 [comtypes.client._code_cache] INFO MainProcess: Imported existing <module 'comtypes.gen' from 'D:\\Universidad\\Analisis y Diseño de Algoritmos\\Proyecto 2026-1\\projecto-analisis-20261\\K-GeoMIP\\src\\Method2_Dynamic_Programming_Reformulation\\.venv\\Lib\\site-packages\\comtypes\\gen\\__init__.py'>
2026-06-12 23:31:10,179 [comtypes.client._code_cache] INFO MainProcess: Using writeable comtypes cache directory: 'D:\Universidad\Analisis y Diseño de Algoritmos\Proyecto 2026-1\projecto-analisis-20261\K-GeoMIP\src\Method2_Dynamic_Programming_Reformulation\.venv\Lib\site-packages\comtypes\gen'
2026-06-12 23:34:40,056 [pyphi.conf] INFO MainProcess: PyPhi v1.2.0
2026-06-12 23:34:40,057 [pyphi.conf] INFO MainProcess: Loaded configuration from ['D:\\Universidad\\Analisis y Diseño de Algoritmos\\Proyecto 2026-1\\projecto-analisis-20261\\K-GeoMIP\\src\\Method2_Dynamic_Programming_Reformulation\\pyphi_config.yml']
2026-06-12 23:34:40,058 [pyphi.conf] INFO MainProcess: Current PyPhi configuration:
 { 'ASSUME_CUTS_CANNOT_CREATE_NEW_CONCEPTS': False,
  'CACHE_POTENTIAL_PURVIEWS': True,
  'CACHE_REPERTOIRES': True,
  'CACHE_SIAS': False,
  'CACHING_BACKEND': 'fs',
  'CLEAR_SUBSYSTEM_CACHES_AFTER_COMPUTING_SIA': False,
  'CUT_ONE_APPROXIMATION': False,
  'FS_CACHE_DIRECTORY': '__pyphi_cache__',
  'FS_CACHE_VERBOSITY': 0,
  'LOG_FILE': 'pyphi.log',
  'LOG_FILE_LEVEL': 'INFO',
  'LOG_STDOUT_LEVEL': 'WARNING',
  'MAXIMUM_CACHE_MEMORY_PERCENTAGE': 50,
  'MEASURE': 'EMD',
  'MONGODB_CONFIG': { 'collection_name': 'cache',
                      'database_name': 'pyphi',
                      'host': 'localhost',
                      'port': 27017},
  'NUMBER_OF_CORES': -1,
  'PARALLEL_COMPLEX_EVALUATION': False,
  'PARALLEL_CONCEPT_EVALUATION': False,
  'PARALLEL_CUT_EVALUATION': True,
  'PARTITION_TYPE': 'BI',
  'PICK_SMALLEST_PURVIEW': False,
  'PRECISION': 6,
  'PRINT_FRACTIONS': True,
  'PROGRESS_BARS': True,
  'REDIS_CACHE': False,
  'REDIS_CONFIG': {'db': 0, 'host': 'localhost', 'port': 6379, 'test_db': 1},
  'REPR_VERBOSITY': 2,
  'SINGLE_MICRO_NODES_WITH_SELFLOOPS_HAVE_PHI': False,
  'SYSTEM_CUTS': '3.0_STYLE',
  'USE_SMALL_PHI_DIFFERENCE_FOR_CES_DISTANCE': False,
  'VALIDATE_CONDITIONAL_INDEPENDENCE': True,
  'VALIDATE_SUBSYSTEM_STATES': True,
  'WELCOME_OFF': True}
2026-06-12 23:34:49,339 [comtypes.client._code_cache] INFO MainProcess: Imported existing <module 'comtypes.gen' from 'D:\\Universidad\\Analisis y Diseño de Algoritmos\\Proyecto 2026-1\\projecto-analisis-20261\\K-GeoMIP\\src\\Method2_Dynamic_Programming_Reformulation\\.venv\\Lib\\site-packages\\comtypes\\gen\\__init__.py'>
2026-06-12 23:34:49,341 [comtypes.client._code_cache] INFO MainProcess: Using writeable comtypes cache directory: 'D:\Universidad\Analisis y Diseño de Algoritmos\Proyecto 2026-1\projecto-analisis-20261\K-GeoMIP\src\Method2_Dynamic_Programming_Reformulation\.venv\Lib\site-packages\comtypes\gen'
2026-06-12 23:41:27,837 [pyphi.conf] INFO MainProcess: PyPhi v1.2.0
2026-06-12 23:41:27,837 [pyphi.conf] INFO MainProcess: Loaded configuration from ['D:\\Universidad\\Analisis y Diseño de Algoritmos\\Proyecto 2026-1\\projecto-analisis-20261\\K-GeoMIP\\src\\Method2_Dynamic_Programming_Reformulation\\pyphi_config.yml']
2026-06-12 23:41:27,838 [pyphi.conf] INFO MainProcess: Current PyPhi configuration:
 { 'ASSUME_CUTS_CANNOT_CREATE_NEW_CONCEPTS': False,
  'CACHE_POTENTIAL_PURVIEWS': True,
  'CACHE_REPERTOIRES': True,
  'CACHE_SIAS': False,
  'CACHING_BACKEND': 'fs',
  'CLEAR_SUBSYSTEM_CACHES_AFTER_COMPUTING_SIA': False,
  'CUT_ONE_APPROXIMATION': False,
  'FS_CACHE_DIRECTORY': '__pyphi_cache__',
  'FS_CACHE_VERBOSITY': 0,
  'LOG_FILE': 'pyphi.log',
  'LOG_FILE_LEVEL': 'INFO',
  'LOG_STDOUT_LEVEL': 'WARNING',
  'MAXIMUM_CACHE_MEMORY_PERCENTAGE': 50,
  'MEASURE': 'EMD',
  'MONGODB_CONFIG': { 'collection_name': 'cache',
                      'database_name': 'pyphi',
                      'host': 'localhost',
                      'port': 27017},
  'NUMBER_OF_CORES': -1,
  'PARALLEL_COMPLEX_EVALUATION': False,
  'PARALLEL_CONCEPT_EVALUATION': False,
  'PARALLEL_CUT_EVALUATION': True,
  'PARTITION_TYPE': 'BI',
  'PICK_SMALLEST_PURVIEW': False,
  'PRECISION': 6,
  'PRINT_FRACTIONS': True,
  'PROGRESS_BARS': True,
  'REDIS_CACHE': False,
  'REDIS_CONFIG': {'db': 0, 'host': 'localhost', 'port': 6379, 'test_db': 1},
  'REPR_VERBOSITY': 2,
  'SINGLE_MICRO_NODES_WITH_SELFLOOPS_HAVE_PHI': False,
  'SYSTEM_CUTS': '3.0_STYLE',
  'USE_SMALL_PHI_DIFFERENCE_FOR_CES_DISTANCE': False,
  'VALIDATE_CONDITIONAL_INDEPENDENCE': True,
  'VALIDATE_SUBSYSTEM_STATES': True,
  'WELCOME_OFF': True}
2026-06-12 23:41:34,674 [comtypes.client._code_cache] INFO MainProcess: Imported existing <module 'comtypes.gen' from 'D:\\Universidad\\Analisis y Diseño de Algoritmos\\Proyecto 2026-1\\projecto-analisis-20261\\K-GeoMIP\\src\\Method2_Dynamic_Programming_Reformulation\\.venv\\Lib\\site-packages\\comtypes\\gen\\__init__.py'>
2026-06-12 23:41:34,675 [comtypes.client._code_cache] INFO MainProcess: Using writeable comtypes cache directory: 'D:\Universidad\Analisis y Diseño de Algoritmos\Proyecto 2026-1\projecto-analisis-20261\K-GeoMIP\src\Method2_Dynamic_Programming_Reformulation\.venv\Lib\site-packages\comtypes\gen'
2026-06-12 23:43:46,199 [pyphi.conf] INFO MainProcess: PyPhi v1.2.0
2026-06-12 23:43:46,200 [pyphi.conf] INFO MainProcess: Loaded configuration from ['D:\\Universidad\\Analisis y Diseño de Algoritmos\\Proyecto 2026-1\\projecto-analisis-20261\\K-GeoMIP\\src\\Method2_Dynamic_Programming_Reformulation\\pyphi_config.yml']
2026-06-12 23:43:46,201 [pyphi.conf] INFO MainProcess: Current PyPhi configuration:
 { 'ASSUME_CUTS_CANNOT_CREATE_NEW_CONCEPTS': False,
  'CACHE_POTENTIAL_PURVIEWS': True,
  'CACHE_REPERTOIRES': True,
  'CACHE_SIAS': False,
  'CACHING_BACKEND': 'fs',
  'CLEAR_SUBSYSTEM_CACHES_AFTER_COMPUTING_SIA': False,
  'CUT_ONE_APPROXIMATION': False,
  'FS_CACHE_DIRECTORY': '__pyphi_cache__',
  'FS_CACHE_VERBOSITY': 0,
  'LOG_FILE': 'pyphi.log',
  'LOG_FILE_LEVEL': 'INFO',
  'LOG_STDOUT_LEVEL': 'WARNING',
  'MAXIMUM_CACHE_MEMORY_PERCENTAGE': 50,
  'MEASURE': 'EMD',
  'MONGODB_CONFIG': { 'collection_name': 'cache',
                      'database_name': 'pyphi',
                      'host': 'localhost',
                      'port': 27017},
  'NUMBER_OF_CORES': -1,
  'PARALLEL_COMPLEX_EVALUATION': False,
  'PARALLEL_CONCEPT_EVALUATION': False,
  'PARALLEL_CUT_EVALUATION': True,
  'PARTITION_TYPE': 'BI',
  'PICK_SMALLEST_PURVIEW': False,
  'PRECISION': 6,
  'PRINT_FRACTIONS': True,
  'PROGRESS_BARS': True,
  'REDIS_CACHE': False,
  'REDIS_CONFIG': {'db': 0, 'host': 'localhost', 'port': 6379, 'test_db': 1},
  'REPR_VERBOSITY': 2,
  'SINGLE_MICRO_NODES_WITH_SELFLOOPS_HAVE_PHI': False,
  'SYSTEM_CUTS': '3.0_STYLE',
  'USE_SMALL_PHI_DIFFERENCE_FOR_CES_DISTANCE': False,
  'VALIDATE_CONDITIONAL_INDEPENDENCE': True,
  'VALIDATE_SUBSYSTEM_STATES': True,
  'WELCOME_OFF': True}
2026-06-12 23:43:56,180 [comtypes.client._code_cache] INFO MainProcess: Imported existing <module 'comtypes.gen' from 'D:\\Universidad\\Analisis y Diseño de Algoritmos\\Proyecto 2026-1\\projecto-analisis-20261\\K-GeoMIP\\src\\Method2_Dynamic_Programming_Reformulation\\.venv\\Lib\\site-packages\\comtypes\\gen\\__init__.py'>
2026-06-12 23:43:56,183 [comtypes.client._code_cache] INFO MainProcess: Using writeable comtypes cache directory: 'D:\Universidad\Analisis y Diseño de Algoritmos\Proyecto 2026-1\projecto-analisis-20261\K-GeoMIP\src\Method2_Dynamic_Programming_Reformulation\.venv\Lib\site-packages\comtypes\gen'
2026-06-13 00:38:49,729 [pyphi.conf] INFO MainProcess: PyPhi v1.2.0
2026-06-13 00:38:49,729 [pyphi.conf] INFO MainProcess: Loaded configuration from ['D:\\Universidad\\Analisis y Diseño de Algoritmos\\Proyecto 2026-1\\projecto-analisis-20261\\K-GeoMIP\\src\\Method2_Dynamic_Programming_Reformulation\\pyphi_config.yml']
2026-06-13 00:38:49,730 [pyphi.conf] INFO MainProcess: Current PyPhi configuration:
 { 'ASSUME_CUTS_CANNOT_CREATE_NEW_CONCEPTS': False,
  'CACHE_POTENTIAL_PURVIEWS': True,
  'CACHE_REPERTOIRES': True,
  'CACHE_SIAS': False,
  'CACHING_BACKEND': 'fs',
  'CLEAR_SUBSYSTEM_CACHES_AFTER_COMPUTING_SIA': False,
  'CUT_ONE_APPROXIMATION': False,
  'FS_CACHE_DIRECTORY': '__pyphi_cache__',
  'FS_CACHE_VERBOSITY': 0,
  'LOG_FILE': 'pyphi.log',
  'LOG_FILE_LEVEL': 'INFO',
  'LOG_STDOUT_LEVEL': 'WARNING',
  'MAXIMUM_CACHE_MEMORY_PERCENTAGE': 50,
  'MEASURE': 'EMD',
  'MONGODB_CONFIG': { 'collection_name': 'cache',
                      'database_name': 'pyphi',
                      'host': 'localhost',
                      'port': 27017},
  'NUMBER_OF_CORES': -1,
  'PARALLEL_COMPLEX_EVALUATION': False,
  'PARALLEL_CONCEPT_EVALUATION': False,
  'PARALLEL_CUT_EVALUATION': True,
  'PARTITION_TYPE': 'BI',
  'PICK_SMALLEST_PURVIEW': False,
  'PRECISION': 6,
  'PRINT_FRACTIONS': True,
  'PROGRESS_BARS': True,
  'REDIS_CACHE': False,
  'REDIS_CONFIG': {'db': 0, 'host': 'localhost', 'port': 6379, 'test_db': 1},
  'REPR_VERBOSITY': 2,
  'SINGLE_MICRO_NODES_WITH_SELFLOOPS_HAVE_PHI': False,
  'SYSTEM_CUTS': '3.0_STYLE',
  'USE_SMALL_PHI_DIFFERENCE_FOR_CES_DISTANCE': False,
  'VALIDATE_CONDITIONAL_INDEPENDENCE': True,
  'VALIDATE_SUBSYSTEM_STATES': True,
  'WELCOME_OFF': True}
2026-06-13 00:42:31,725 [comtypes.client._code_cache] INFO MainProcess: Imported existing <module 'comtypes.gen' from 'D:\\Universidad\\Analisis y Diseño de Algoritmos\\Proyecto 2026-1\\projecto-analisis-20261\\K-GeoMIP\\src\\Method2_Dynamic_Programming_Reformulation\\.venv\\Lib\\site-packages\\comtypes\\gen\\__init__.py'>
2026-06-13 00:42:31,727 [comtypes.client._code_cache] INFO MainProcess: Using writeable comtypes cache directory: 'D:\Universidad\Analisis y Diseño de Algoritmos\Proyecto 2026-1\projecto-analisis-20261\K-GeoMIP\src\Method2_Dynamic_Programming_Reformulation\.venv\Lib\site-packages\comtypes\gen'
2026-06-13 19:47:10,786 [pyphi.conf] INFO MainProcess: PyPhi v1.2.0
2026-06-13 19:47:10,789 [pyphi.conf] INFO MainProcess: Loaded configuration from ['D:\\Universidad\\Analisis y Diseño de Algoritmos\\Proyecto 2026-1\\projecto-analisis-20261\\K-GeoMIP\\src\\Method2_Dynamic_Programming_Reformulation\\pyphi_config.yml']
2026-06-13 19:47:10,789 [pyphi.conf] INFO MainProcess: Current PyPhi configuration:
 { 'ASSUME_CUTS_CANNOT_CREATE_NEW_CONCEPTS': False,
  'CACHE_POTENTIAL_PURVIEWS': True,
  'CACHE_REPERTOIRES': True,
  'CACHE_SIAS': False,
  'CACHING_BACKEND': 'fs',
  'CLEAR_SUBSYSTEM_CACHES_AFTER_COMPUTING_SIA': False,
  'CUT_ONE_APPROXIMATION': False,
  'FS_CACHE_DIRECTORY': '__pyphi_cache__',
  'FS_CACHE_VERBOSITY': 0,
  'LOG_FILE': 'pyphi.log',
  'LOG_FILE_LEVEL': 'INFO',
  'LOG_STDOUT_LEVEL': 'WARNING',
  'MAXIMUM_CACHE_MEMORY_PERCENTAGE': 50,
  'MEASURE': 'EMD',
  'MONGODB_CONFIG': { 'collection_name': 'cache',
                      'database_name': 'pyphi',
                      'host': 'localhost',
                      'port': 27017},
  'NUMBER_OF_CORES': -1,
  'PARALLEL_COMPLEX_EVALUATION': False,
  'PARALLEL_CONCEPT_EVALUATION': False,
  'PARALLEL_CUT_EVALUATION': True,
  'PARTITION_TYPE': 'BI',
  'PICK_SMALLEST_PURVIEW': False,
  'PRECISION': 6,
  'PRINT_FRACTIONS': True,
  'PROGRESS_BARS': True,
  'REDIS_CACHE': False,
  'REDIS_CONFIG': {'db': 0, 'host': 'localhost', 'port': 6379, 'test_db': 1},
  'REPR_VERBOSITY': 2,
  'SINGLE_MICRO_NODES_WITH_SELFLOOPS_HAVE_PHI': False,
  'SYSTEM_CUTS': '3.0_STYLE',
  'USE_SMALL_PHI_DIFFERENCE_FOR_CES_DISTANCE': False,
  'VALIDATE_CONDITIONAL_INDEPENDENCE': True,
  'VALIDATE_SUBSYSTEM_STATES': True,
  'WELCOME_OFF': True}
2026-06-13 19:52:08,245 [comtypes.client._code_cache] INFO MainProcess: Imported existing <module 'comtypes.gen' from 'D:\\Universidad\\Analisis y Diseño de Algoritmos\\Proyecto 2026-1\\projecto-analisis-20261\\K-GeoMIP\\src\\Method2_Dynamic_Programming_Reformulation\\.venv\\Lib\\site-packages\\comtypes\\gen\\__init__.py'>
2026-06-13 19:52:08,248 [comtypes.client._code_cache] INFO MainProcess: Using writeable comtypes cache directory: 'D:\Universidad\Analisis y Diseño de Algoritmos\Proyecto 2026-1\projecto-analisis-20261\K-GeoMIP\src\Method2_Dynamic_Programming_Reformulation\.venv\Lib\site-packages\comtypes\gen'
2026-06-13 21:17:42,140 [pyphi.conf] INFO MainProcess: PyPhi v1.2.0
2026-06-13 21:17:42,140 [pyphi.conf] INFO MainProcess: Loaded configuration from ['D:\\Universidad\\Analisis y Diseño de Algoritmos\\Proyecto 2026-1\\projecto-analisis-20261\\K-GeoMIP\\src\\Method2_Dynamic_Programming_Reformulation\\pyphi_config.yml']
2026-06-13 21:17:42,141 [pyphi.conf] INFO MainProcess: Current PyPhi configuration:
 { 'ASSUME_CUTS_CANNOT_CREATE_NEW_CONCEPTS': False,
  'CACHE_POTENTIAL_PURVIEWS': True,
  'CACHE_REPERTOIRES': True,
  'CACHE_SIAS': False,
  'CACHING_BACKEND': 'fs',
  'CLEAR_SUBSYSTEM_CACHES_AFTER_COMPUTING_SIA': False,
  'CUT_ONE_APPROXIMATION': False,
  'FS_CACHE_DIRECTORY': '__pyphi_cache__',
  'FS_CACHE_VERBOSITY': 0,
  'LOG_FILE': 'pyphi.log',
  'LOG_FILE_LEVEL': 'INFO',
  'LOG_STDOUT_LEVEL': 'WARNING',
  'MAXIMUM_CACHE_MEMORY_PERCENTAGE': 50,
  'MEASURE': 'EMD',
  'MONGODB_CONFIG': { 'collection_name': 'cache',
                      'database_name': 'pyphi',
                      'host': 'localhost',
                      'port': 27017},
  'NUMBER_OF_CORES': -1,
  'PARALLEL_COMPLEX_EVALUATION': False,
  'PARALLEL_CONCEPT_EVALUATION': False,
  'PARALLEL_CUT_EVALUATION': True,
  'PARTITION_TYPE': 'BI',
  'PICK_SMALLEST_PURVIEW': False,
  'PRECISION': 6,
  'PRINT_FRACTIONS': True,
  'PROGRESS_BARS': True,
  'REDIS_CACHE': False,
  'REDIS_CONFIG': {'db': 0, 'host': 'localhost', 'port': 6379, 'test_db': 1},
  'REPR_VERBOSITY': 2,
  'SINGLE_MICRO_NODES_WITH_SELFLOOPS_HAVE_PHI': False,
  'SYSTEM_CUTS': '3.0_STYLE',
  'USE_SMALL_PHI_DIFFERENCE_FOR_CES_DISTANCE': False,
  'VALIDATE_CONDITIONAL_INDEPENDENCE': True,
  'VALIDATE_SUBSYSTEM_STATES': True,
  'WELCOME_OFF': True}
2026-06-13 21:20:53,271 [comtypes.client._code_cache] INFO MainProcess: Imported existing <module 'comtypes.gen' from 'D:\\Universidad\\Analisis y Diseño de Algoritmos\\Proyecto 2026-1\\projecto-analisis-20261\\K-GeoMIP\\src\\Method2_Dynamic_Programming_Reformulation\\.venv\\Lib\\site-packages\\comtypes\\gen\\__init__.py'>
2026-06-13 21:20:53,271 [comtypes.client._code_cache] INFO MainProcess: Using writeable comtypes cache directory: 'D:\Universidad\Analisis y Diseño de Algoritmos\Proyecto 2026-1\projecto-analisis-20261\K-GeoMIP\src\Method2_Dynamic_Programming_Reformulation\.venv\Lib\site-packages\comtypes\gen'
2026-06-13 22:19:15,639 [pyphi.conf] INFO MainProcess: PyPhi v1.2.0
2026-06-13 22:19:15,639 [pyphi.conf] INFO MainProcess: Loaded configuration from ['D:\\Universidad\\Analisis y Diseño de Algoritmos\\Proyecto 2026-1\\projecto-analisis-20261\\K-GeoMIP\\src\\Method2_Dynamic_Programming_Reformulation\\pyphi_config.yml']
2026-06-13 22:19:15,641 [pyphi.conf] INFO MainProcess: Current PyPhi configuration:
 { 'ASSUME_CUTS_CANNOT_CREATE_NEW_CONCEPTS': False,
  'CACHE_POTENTIAL_PURVIEWS': True,
  'CACHE_REPERTOIRES': True,
  'CACHE_SIAS': False,
  'CACHING_BACKEND': 'fs',
  'CLEAR_SUBSYSTEM_CACHES_AFTER_COMPUTING_SIA': False,
  'CUT_ONE_APPROXIMATION': False,
  'FS_CACHE_DIRECTORY': '__pyphi_cache__',
  'FS_CACHE_VERBOSITY': 0,
  'LOG_FILE': 'pyphi.log',
  'LOG_FILE_LEVEL': 'INFO',
  'LOG_STDOUT_LEVEL': 'WARNING',
  'MAXIMUM_CACHE_MEMORY_PERCENTAGE': 50,
  'MEASURE': 'EMD',
  'MONGODB_CONFIG': { 'collection_name': 'cache',
                      'database_name': 'pyphi',
                      'host': 'localhost',
                      'port': 27017},
  'NUMBER_OF_CORES': -1,
  'PARALLEL_COMPLEX_EVALUATION': False,
  'PARALLEL_CONCEPT_EVALUATION': False,
  'PARALLEL_CUT_EVALUATION': True,
  'PARTITION_TYPE': 'BI',
  'PICK_SMALLEST_PURVIEW': False,
  'PRECISION': 6,
  'PRINT_FRACTIONS': True,
  'PROGRESS_BARS': True,
  'REDIS_CACHE': False,
  'REDIS_CONFIG': {'db': 0, 'host': 'localhost', 'port': 6379, 'test_db': 1},
  'REPR_VERBOSITY': 2,
  'SINGLE_MICRO_NODES_WITH_SELFLOOPS_HAVE_PHI': False,
  'SYSTEM_CUTS': '3.0_STYLE',
  'USE_SMALL_PHI_DIFFERENCE_FOR_CES_DISTANCE': False,
  'VALIDATE_CONDITIONAL_INDEPENDENCE': True,
  'VALIDATE_SUBSYSTEM_STATES': True,
  'WELCOME_OFF': True}
2026-06-13 22:22:26,996 [comtypes.client._code_cache] INFO MainProcess: Imported existing <module 'comtypes.gen' from 'D:\\Universidad\\Analisis y Diseño de Algoritmos\\Proyecto 2026-1\\projecto-analisis-20261\\K-GeoMIP\\src\\Method2_Dynamic_Programming_Reformulation\\.venv\\Lib\\site-packages\\comtypes\\gen\\__init__.py'>
2026-06-13 22:22:27,011 [comtypes.client._code_cache] INFO MainProcess: Using writeable comtypes cache directory: 'D:\Universidad\Analisis y Diseño de Algoritmos\Proyecto 2026-1\projecto-analisis-20261\K-GeoMIP\src\Method2_Dynamic_Programming_Reformulation\.venv\Lib\site-packages\comtypes\gen'
2026-06-13 22:54:42,550 [pyphi.conf] INFO MainProcess: PyPhi v1.2.0
2026-06-13 22:54:42,552 [pyphi.conf] INFO MainProcess: Loaded configuration from ['D:\\Universidad\\Analisis y Diseño de Algoritmos\\Proyecto 2026-1\\projecto-analisis-20261\\K-GeoMIP\\src\\Method2_Dynamic_Programming_Reformulation\\pyphi_config.yml']
2026-06-13 22:54:42,552 [pyphi.conf] INFO MainProcess: Current PyPhi configuration:
 { 'ASSUME_CUTS_CANNOT_CREATE_NEW_CONCEPTS': False,
  'CACHE_POTENTIAL_PURVIEWS': True,
  'CACHE_REPERTOIRES': True,
  'CACHE_SIAS': False,
  'CACHING_BACKEND': 'fs',
  'CLEAR_SUBSYSTEM_CACHES_AFTER_COMPUTING_SIA': False,
  'CUT_ONE_APPROXIMATION': False,
  'FS_CACHE_DIRECTORY': '__pyphi_cache__',
  'FS_CACHE_VERBOSITY': 0,
  'LOG_FILE': 'pyphi.log',
  'LOG_FILE_LEVEL': 'INFO',
  'LOG_STDOUT_LEVEL': 'WARNING',
  'MAXIMUM_CACHE_MEMORY_PERCENTAGE': 50,
  'MEASURE': 'EMD',
  'MONGODB_CONFIG': { 'collection_name': 'cache',
                      'database_name': 'pyphi',
                      'host': 'localhost',
                      'port': 27017},
  'NUMBER_OF_CORES': -1,
  'PARALLEL_COMPLEX_EVALUATION': False,
  'PARALLEL_CONCEPT_EVALUATION': False,
  'PARALLEL_CUT_EVALUATION': True,
  'PARTITION_TYPE': 'BI',
  'PICK_SMALLEST_PURVIEW': False,
  'PRECISION': 6,
  'PRINT_FRACTIONS': True,
  'PROGRESS_BARS': True,
  'REDIS_CACHE': False,
  'REDIS_CONFIG': {'db': 0, 'host': 'localhost', 'port': 6379, 'test_db': 1},
  'REPR_VERBOSITY': 2,
  'SINGLE_MICRO_NODES_WITH_SELFLOOPS_HAVE_PHI': False,
  'SYSTEM_CUTS': '3.0_STYLE',
  'USE_SMALL_PHI_DIFFERENCE_FOR_CES_DISTANCE': False,
  'VALIDATE_CONDITIONAL_INDEPENDENCE': True,
  'VALIDATE_SUBSYSTEM_STATES': True,
  'WELCOME_OFF': True}
2026-06-13 22:54:45,102 [comtypes.client._code_cache] INFO MainProcess: Imported existing <module 'comtypes.gen' from 'D:\\Universidad\\Analisis y Diseño de Algoritmos\\Proyecto 2026-1\\projecto-analisis-20261\\K-GeoMIP\\src\\Method2_Dynamic_Programming_Reformulation\\.venv\\Lib\\site-packages\\comtypes\\gen\\__init__.py'>
2026-06-13 22:54:45,103 [comtypes.client._code_cache] INFO MainProcess: Using writeable comtypes cache directory: 'D:\Universidad\Analisis y Diseño de Algoritmos\Proyecto 2026-1\projecto-analisis-20261\K-GeoMIP\src\Method2_Dynamic_Programming_Reformulation\.venv\Lib\site-packages\comtypes\gen'
2026-06-13 23:03:00,547 [pyphi.conf] INFO MainProcess: PyPhi v1.2.0
2026-06-13 23:03:00,548 [pyphi.conf] INFO MainProcess: Loaded configuration from ['D:\\Universidad\\Analisis y Diseño de Algoritmos\\Proyecto 2026-1\\projecto-analisis-20261\\K-GeoMIP\\src\\Method2_Dynamic_Programming_Reformulation\\pyphi_config.yml']
2026-06-13 23:03:00,549 [pyphi.conf] INFO MainProcess: Current PyPhi configuration:
 { 'ASSUME_CUTS_CANNOT_CREATE_NEW_CONCEPTS': False,
  'CACHE_POTENTIAL_PURVIEWS': True,
  'CACHE_REPERTOIRES': True,
  'CACHE_SIAS': False,
  'CACHING_BACKEND': 'fs',
  'CLEAR_SUBSYSTEM_CACHES_AFTER_COMPUTING_SIA': False,
  'CUT_ONE_APPROXIMATION': False,
  'FS_CACHE_DIRECTORY': '__pyphi_cache__',
  'FS_CACHE_VERBOSITY': 0,
  'LOG_FILE': 'pyphi.log',
  'LOG_FILE_LEVEL': 'INFO',
  'LOG_STDOUT_LEVEL': 'WARNING',
  'MAXIMUM_CACHE_MEMORY_PERCENTAGE': 50,
  'MEASURE': 'EMD',
  'MONGODB_CONFIG': { 'collection_name': 'cache',
                      'database_name': 'pyphi',
                      'host': 'localhost',
                      'port': 27017},
  'NUMBER_OF_CORES': -1,
  'PARALLEL_COMPLEX_EVALUATION': False,
  'PARALLEL_CONCEPT_EVALUATION': False,
  'PARALLEL_CUT_EVALUATION': True,
  'PARTITION_TYPE': 'BI',
  'PICK_SMALLEST_PURVIEW': False,
  'PRECISION': 6,
  'PRINT_FRACTIONS': True,
  'PROGRESS_BARS': True,
  'REDIS_CACHE': False,
  'REDIS_CONFIG': {'db': 0, 'host': 'localhost', 'port': 6379, 'test_db': 1},
  'REPR_VERBOSITY': 2,
  'SINGLE_MICRO_NODES_WITH_SELFLOOPS_HAVE_PHI': False,
  'SYSTEM_CUTS': '3.0_STYLE',
  'USE_SMALL_PHI_DIFFERENCE_FOR_CES_DISTANCE': False,
  'VALIDATE_CONDITIONAL_INDEPENDENCE': True,
  'VALIDATE_SUBSYSTEM_STATES': True,
  'WELCOME_OFF': True}
2026-06-13 23:03:10,158 [comtypes.client._code_cache] INFO MainProcess: Imported existing <module 'comtypes.gen' from 'D:\\Universidad\\Analisis y Diseño de Algoritmos\\Proyecto 2026-1\\projecto-analisis-20261\\K-GeoMIP\\src\\Method2_Dynamic_Programming_Reformulation\\.venv\\Lib\\site-packages\\comtypes\\gen\\__init__.py'>
2026-06-13 23:03:10,160 [comtypes.client._code_cache] INFO MainProcess: Using writeable comtypes cache directory: 'D:\Universidad\Analisis y Diseño de Algoritmos\Proyecto 2026-1\projecto-analisis-20261\K-GeoMIP\src\Method2_Dynamic_Programming_Reformulation\.venv\Lib\site-packages\comtypes\gen'
2026-06-13 23:13:09,973 [pyphi.conf] INFO MainProcess: PyPhi v1.2.0
2026-06-13 23:13:09,973 [pyphi.conf] INFO MainProcess: Loaded configuration from ['D:\\Universidad\\Analisis y Diseño de Algoritmos\\Proyecto 2026-1\\projecto-analisis-20261\\K-GeoMIP\\src\\Method2_Dynamic_Programming_Reformulation\\pyphi_config.yml']
2026-06-13 23:13:09,974 [pyphi.conf] INFO MainProcess: Current PyPhi configuration:
 { 'ASSUME_CUTS_CANNOT_CREATE_NEW_CONCEPTS': False,
  'CACHE_POTENTIAL_PURVIEWS': True,
  'CACHE_REPERTOIRES': True,
  'CACHE_SIAS': False,
  'CACHING_BACKEND': 'fs',
  'CLEAR_SUBSYSTEM_CACHES_AFTER_COMPUTING_SIA': False,
  'CUT_ONE_APPROXIMATION': False,
  'FS_CACHE_DIRECTORY': '__pyphi_cache__',
  'FS_CACHE_VERBOSITY': 0,
  'LOG_FILE': 'pyphi.log',
  'LOG_FILE_LEVEL': 'INFO',
  'LOG_STDOUT_LEVEL': 'WARNING',
  'MAXIMUM_CACHE_MEMORY_PERCENTAGE': 50,
  'MEASURE': 'EMD',
  'MONGODB_CONFIG': { 'collection_name': 'cache',
                      'database_name': 'pyphi',
                      'host': 'localhost',
                      'port': 27017},
  'NUMBER_OF_CORES': -1,
  'PARALLEL_COMPLEX_EVALUATION': False,
  'PARALLEL_CONCEPT_EVALUATION': False,
  'PARALLEL_CUT_EVALUATION': True,
  'PARTITION_TYPE': 'BI',
  'PICK_SMALLEST_PURVIEW': False,
  'PRECISION': 6,
  'PRINT_FRACTIONS': True,
  'PROGRESS_BARS': True,
  'REDIS_CACHE': False,
  'REDIS_CONFIG': {'db': 0, 'host': 'localhost', 'port': 6379, 'test_db': 1},
  'REPR_VERBOSITY': 2,
  'SINGLE_MICRO_NODES_WITH_SELFLOOPS_HAVE_PHI': False,
  'SYSTEM_CUTS': '3.0_STYLE',
  'USE_SMALL_PHI_DIFFERENCE_FOR_CES_DISTANCE': False,
  'VALIDATE_CONDITIONAL_INDEPENDENCE': True,
  'VALIDATE_SUBSYSTEM_STATES': True,
  'WELCOME_OFF': True}
2026-06-13 23:13:22,034 [comtypes.client._code_cache] INFO MainProcess: Imported existing <module 'comtypes.gen' from 'D:\\Universidad\\Analisis y Diseño de Algoritmos\\Proyecto 2026-1\\projecto-analisis-20261\\K-GeoMIP\\src\\Method2_Dynamic_Programming_Reformulation\\.venv\\Lib\\site-packages\\comtypes\\gen\\__init__.py'>
2026-06-13 23:13:22,035 [comtypes.client._code_cache] INFO MainProcess: Using writeable comtypes cache directory: 'D:\Universidad\Analisis y Diseño de Algoritmos\Proyecto 2026-1\projecto-analisis-20261\K-GeoMIP\src\Method2_Dynamic_Programming_Reformulation\.venv\Lib\site-packages\comtypes\gen'
2026-06-13 23:16:06,678 [pyphi.conf] INFO MainProcess: PyPhi v1.2.0
2026-06-13 23:16:06,679 [pyphi.conf] INFO MainProcess: Loaded configuration from ['D:\\Universidad\\Analisis y Diseño de Algoritmos\\Proyecto 2026-1\\projecto-analisis-20261\\K-GeoMIP\\src\\Method2_Dynamic_Programming_Reformulation\\pyphi_config.yml']
2026-06-13 23:16:06,679 [pyphi.conf] INFO MainProcess: Current PyPhi configuration:
 { 'ASSUME_CUTS_CANNOT_CREATE_NEW_CONCEPTS': False,
  'CACHE_POTENTIAL_PURVIEWS': True,
  'CACHE_REPERTOIRES': True,
  'CACHE_SIAS': False,
  'CACHING_BACKEND': 'fs',
  'CLEAR_SUBSYSTEM_CACHES_AFTER_COMPUTING_SIA': False,
  'CUT_ONE_APPROXIMATION': False,
  'FS_CACHE_DIRECTORY': '__pyphi_cache__',
  'FS_CACHE_VERBOSITY': 0,
  'LOG_FILE': 'pyphi.log',
  'LOG_FILE_LEVEL': 'INFO',
  'LOG_STDOUT_LEVEL': 'WARNING',
  'MAXIMUM_CACHE_MEMORY_PERCENTAGE': 50,
  'MEASURE': 'EMD',
  'MONGODB_CONFIG': { 'collection_name': 'cache',
                      'database_name': 'pyphi',
                      'host': 'localhost',
                      'port': 27017},
  'NUMBER_OF_CORES': -1,
  'PARALLEL_COMPLEX_EVALUATION': False,
  'PARALLEL_CONCEPT_EVALUATION': False,
  'PARALLEL_CUT_EVALUATION': True,
  'PARTITION_TYPE': 'BI',
  'PICK_SMALLEST_PURVIEW': False,
  'PRECISION': 6,
  'PRINT_FRACTIONS': True,
  'PROGRESS_BARS': True,
  'REDIS_CACHE': False,
  'REDIS_CONFIG': {'db': 0, 'host': 'localhost', 'port': 6379, 'test_db': 1},
  'REPR_VERBOSITY': 2,
  'SINGLE_MICRO_NODES_WITH_SELFLOOPS_HAVE_PHI': False,
  'SYSTEM_CUTS': '3.0_STYLE',
  'USE_SMALL_PHI_DIFFERENCE_FOR_CES_DISTANCE': False,
  'VALIDATE_CONDITIONAL_INDEPENDENCE': True,
  'VALIDATE_SUBSYSTEM_STATES': True,
  'WELCOME_OFF': True}
2026-06-13 23:16:23,969 [pyphi.conf] INFO MainProcess: PyPhi v1.2.0
2026-06-13 23:16:23,969 [pyphi.conf] INFO MainProcess: Loaded configuration from ['D:\\Universidad\\Analisis y Diseño de Algoritmos\\Proyecto 2026-1\\projecto-analisis-20261\\K-GeoMIP\\src\\Method2_Dynamic_Programming_Reformulation\\pyphi_config.yml']
2026-06-13 23:16:23,970 [pyphi.conf] INFO MainProcess: Current PyPhi configuration:
 { 'ASSUME_CUTS_CANNOT_CREATE_NEW_CONCEPTS': False,
  'CACHE_POTENTIAL_PURVIEWS': True,
  'CACHE_REPERTOIRES': True,
  'CACHE_SIAS': False,
  'CACHING_BACKEND': 'fs',
  'CLEAR_SUBSYSTEM_CACHES_AFTER_COMPUTING_SIA': False,
  'CUT_ONE_APPROXIMATION': False,
  'FS_CACHE_DIRECTORY': '__pyphi_cache__',
  'FS_CACHE_VERBOSITY': 0,
  'LOG_FILE': 'pyphi.log',
  'LOG_FILE_LEVEL': 'INFO',
  'LOG_STDOUT_LEVEL': 'WARNING',
  'MAXIMUM_CACHE_MEMORY_PERCENTAGE': 50,
  'MEASURE': 'EMD',
  'MONGODB_CONFIG': { 'collection_name': 'cache',
                      'database_name': 'pyphi',
                      'host': 'localhost',
                      'port': 27017},
  'NUMBER_OF_CORES': -1,
  'PARALLEL_COMPLEX_EVALUATION': False,
  'PARALLEL_CONCEPT_EVALUATION': False,
  'PARALLEL_CUT_EVALUATION': True,
  'PARTITION_TYPE': 'BI',
  'PICK_SMALLEST_PURVIEW': False,
  'PRECISION': 6,
  'PRINT_FRACTIONS': True,
  'PROGRESS_BARS': True,
  'REDIS_CACHE': False,
  'REDIS_CONFIG': {'db': 0, 'host': 'localhost', 'port': 6379, 'test_db': 1},
  'REPR_VERBOSITY': 2,
  'SINGLE_MICRO_NODES_WITH_SELFLOOPS_HAVE_PHI': False,
  'SYSTEM_CUTS': '3.0_STYLE',
  'USE_SMALL_PHI_DIFFERENCE_FOR_CES_DISTANCE': False,
  'VALIDATE_CONDITIONAL_INDEPENDENCE': True,
  'VALIDATE_SUBSYSTEM_STATES': True,
  'WELCOME_OFF': True}
2026-06-13 23:16:31,900 [comtypes.client._code_cache] INFO MainProcess: Imported existing <module 'comtypes.gen' from 'D:\\Universidad\\Analisis y Diseño de Algoritmos\\Proyecto 2026-1\\projecto-analisis-20261\\K-GeoMIP\\src\\Method2_Dynamic_Programming_Reformulation\\.venv\\Lib\\site-packages\\comtypes\\gen\\__init__.py'>
2026-06-13 23:16:31,901 [comtypes.client._code_cache] INFO MainProcess: Using writeable comtypes cache directory: 'D:\Universidad\Analisis y Diseño de Algoritmos\Proyecto 2026-1\projecto-analisis-20261\K-GeoMIP\src\Method2_Dynamic_Programming_Reformulation\.venv\Lib\site-packages\comtypes\gen'
2026-06-13 23:19:03,045 [pyphi.conf] INFO MainProcess: PyPhi v1.2.0
2026-06-13 23:19:03,047 [pyphi.conf] INFO MainProcess: Loaded configuration from ['D:\\Universidad\\Analisis y Diseño de Algoritmos\\Proyecto 2026-1\\projecto-analisis-20261\\K-GeoMIP\\src\\Method2_Dynamic_Programming_Reformulation\\pyphi_config.yml']
2026-06-13 23:19:03,048 [pyphi.conf] INFO MainProcess: Current PyPhi configuration:
 { 'ASSUME_CUTS_CANNOT_CREATE_NEW_CONCEPTS': False,
  'CACHE_POTENTIAL_PURVIEWS': True,
  'CACHE_REPERTOIRES': True,
  'CACHE_SIAS': False,
  'CACHING_BACKEND': 'fs',
  'CLEAR_SUBSYSTEM_CACHES_AFTER_COMPUTING_SIA': False,
  'CUT_ONE_APPROXIMATION': False,
  'FS_CACHE_DIRECTORY': '__pyphi_cache__',
  'FS_CACHE_VERBOSITY': 0,
  'LOG_FILE': 'pyphi.log',
  'LOG_FILE_LEVEL': 'INFO',
  'LOG_STDOUT_LEVEL': 'WARNING',
  'MAXIMUM_CACHE_MEMORY_PERCENTAGE': 50,
  'MEASURE': 'EMD',
  'MONGODB_CONFIG': { 'collection_name': 'cache',
                      'database_name': 'pyphi',
                      'host': 'localhost',
                      'port': 27017},
  'NUMBER_OF_CORES': -1,
  'PARALLEL_COMPLEX_EVALUATION': False,
  'PARALLEL_CONCEPT_EVALUATION': False,
  'PARALLEL_CUT_EVALUATION': True,
  'PARTITION_TYPE': 'BI',
  'PICK_SMALLEST_PURVIEW': False,
  'PRECISION': 6,
  'PRINT_FRACTIONS': True,
  'PROGRESS_BARS': True,
  'REDIS_CACHE': False,
  'REDIS_CONFIG': {'db': 0, 'host': 'localhost', 'port': 6379, 'test_db': 1},
  'REPR_VERBOSITY': 2,
  'SINGLE_MICRO_NODES_WITH_SELFLOOPS_HAVE_PHI': False,
  'SYSTEM_CUTS': '3.0_STYLE',
  'USE_SMALL_PHI_DIFFERENCE_FOR_CES_DISTANCE': False,
  'VALIDATE_CONDITIONAL_INDEPENDENCE': True,
  'VALIDATE_SUBSYSTEM_STATES': True,
  'WELCOME_OFF': True}
2026-06-13 23:19:13,168 [comtypes.client._code_cache] INFO MainProcess: Imported existing <module 'comtypes.gen' from 'D:\\Universidad\\Analisis y Diseño de Algoritmos\\Proyecto 2026-1\\projecto-analisis-20261\\K-GeoMIP\\src\\Method2_Dynamic_Programming_Reformulation\\.venv\\Lib\\site-packages\\comtypes\\gen\\__init__.py'>
2026-06-13 23:19:13,169 [comtypes.client._code_cache] INFO MainProcess: Using writeable comtypes cache directory: 'D:\Universidad\Analisis y Diseño de Algoritmos\Proyecto 2026-1\projecto-analisis-20261\K-GeoMIP\src\Method2_Dynamic_Programming_Reformulation\.venv\Lib\site-packages\comtypes\gen'
2026-06-13 23:23:05,418 [pyphi.conf] INFO MainProcess: PyPhi v1.2.0
2026-06-13 23:23:05,418 [pyphi.conf] INFO MainProcess: Loaded configuration from ['D:\\Universidad\\Analisis y Diseño de Algoritmos\\Proyecto 2026-1\\projecto-analisis-20261\\K-GeoMIP\\src\\Method2_Dynamic_Programming_Reformulation\\pyphi_config.yml']
2026-06-13 23:23:05,419 [pyphi.conf] INFO MainProcess: Current PyPhi configuration:
 { 'ASSUME_CUTS_CANNOT_CREATE_NEW_CONCEPTS': False,
  'CACHE_POTENTIAL_PURVIEWS': True,
  'CACHE_REPERTOIRES': True,
  'CACHE_SIAS': False,
  'CACHING_BACKEND': 'fs',
  'CLEAR_SUBSYSTEM_CACHES_AFTER_COMPUTING_SIA': False,
  'CUT_ONE_APPROXIMATION': False,
  'FS_CACHE_DIRECTORY': '__pyphi_cache__',
  'FS_CACHE_VERBOSITY': 0,
  'LOG_FILE': 'pyphi.log',
  'LOG_FILE_LEVEL': 'INFO',
  'LOG_STDOUT_LEVEL': 'WARNING',
  'MAXIMUM_CACHE_MEMORY_PERCENTAGE': 50,
  'MEASURE': 'EMD',
  'MONGODB_CONFIG': { 'collection_name': 'cache',
                      'database_name': 'pyphi',
                      'host': 'localhost',
                      'port': 27017},
  'NUMBER_OF_CORES': -1,
  'PARALLEL_COMPLEX_EVALUATION': False,
  'PARALLEL_CONCEPT_EVALUATION': False,
  'PARALLEL_CUT_EVALUATION': True,
  'PARTITION_TYPE': 'BI',
  'PICK_SMALLEST_PURVIEW': False,
  'PRECISION': 6,
  'PRINT_FRACTIONS': True,
  'PROGRESS_BARS': True,
  'REDIS_CACHE': False,
  'REDIS_CONFIG': {'db': 0, 'host': 'localhost', 'port': 6379, 'test_db': 1},
  'REPR_VERBOSITY': 2,
  'SINGLE_MICRO_NODES_WITH_SELFLOOPS_HAVE_PHI': False,
  'SYSTEM_CUTS': '3.0_STYLE',
  'USE_SMALL_PHI_DIFFERENCE_FOR_CES_DISTANCE': False,
  'VALIDATE_CONDITIONAL_INDEPENDENCE': True,
  'VALIDATE_SUBSYSTEM_STATES': True,
  'WELCOME_OFF': True}
2026-06-13 23:26:27,409 [comtypes.client._code_cache] INFO MainProcess: Imported existing <module 'comtypes.gen' from 'D:\\Universidad\\Analisis y Diseño de Algoritmos\\Proyecto 2026-1\\projecto-analisis-20261\\K-GeoMIP\\src\\Method2_Dynamic_Programming_Reformulation\\.venv\\Lib\\site-packages\\comtypes\\gen\\__init__.py'>
2026-06-13 23:26:27,415 [comtypes.client._code_cache] INFO MainProcess: Using writeable comtypes cache directory: 'D:\Universidad\Analisis y Diseño de Algoritmos\Proyecto 2026-1\projecto-analisis-20261\K-GeoMIP\src\Method2_Dynamic_Programming_Reformulation\.venv\Lib\site-packages\comtypes\gen'
2026-06-14 00:44:06,598 [pyphi.conf] INFO MainProcess: PyPhi v1.2.0
2026-06-14 00:44:06,599 [pyphi.conf] INFO MainProcess: Loaded configuration from ['D:\\Universidad\\Analisis y Diseño de Algoritmos\\Proyecto 2026-1\\projecto-analisis-20261\\K-GeoMIP\\src\\Method2_Dynamic_Programming_Reformulation\\pyphi_config.yml']
2026-06-14 00:44:06,600 [pyphi.conf] INFO MainProcess: Current PyPhi configuration:
 { 'ASSUME_CUTS_CANNOT_CREATE_NEW_CONCEPTS': False,
  'CACHE_POTENTIAL_PURVIEWS': True,
  'CACHE_REPERTOIRES': True,
  'CACHE_SIAS': False,
  'CACHING_BACKEND': 'fs',
  'CLEAR_SUBSYSTEM_CACHES_AFTER_COMPUTING_SIA': False,
  'CUT_ONE_APPROXIMATION': False,
  'FS_CACHE_DIRECTORY': '__pyphi_cache__',
  'FS_CACHE_VERBOSITY': 0,
  'LOG_FILE': 'pyphi.log',
  'LOG_FILE_LEVEL': 'INFO',
  'LOG_STDOUT_LEVEL': 'WARNING',
  'MAXIMUM_CACHE_MEMORY_PERCENTAGE': 50,
  'MEASURE': 'EMD',
  'MONGODB_CONFIG': { 'collection_name': 'cache',
                      'database_name': 'pyphi',
                      'host': 'localhost',
                      'port': 27017},
  'NUMBER_OF_CORES': -1,
  'PARALLEL_COMPLEX_EVALUATION': False,
  'PARALLEL_CONCEPT_EVALUATION': False,
  'PARALLEL_CUT_EVALUATION': True,
  'PARTITION_TYPE': 'BI',
  'PICK_SMALLEST_PURVIEW': False,
  'PRECISION': 6,
  'PRINT_FRACTIONS': True,
  'PROGRESS_BARS': True,
  'REDIS_CACHE': False,
  'REDIS_CONFIG': {'db': 0, 'host': 'localhost', 'port': 6379, 'test_db': 1},
  'REPR_VERBOSITY': 2,
  'SINGLE_MICRO_NODES_WITH_SELFLOOPS_HAVE_PHI': False,
  'SYSTEM_CUTS': '3.0_STYLE',
  'USE_SMALL_PHI_DIFFERENCE_FOR_CES_DISTANCE': False,
  'VALIDATE_CONDITIONAL_INDEPENDENCE': True,
  'VALIDATE_SUBSYSTEM_STATES': True,
  'WELCOME_OFF': True}
2026-06-14 00:47:55,350 [comtypes.client._code_cache] INFO MainProcess: Imported existing <module 'comtypes.gen' from 'D:\\Universidad\\Analisis y Diseño de Algoritmos\\Proyecto 2026-1\\projecto-analisis-20261\\K-GeoMIP\\src\\Method2_Dynamic_Programming_Reformulation\\.venv\\Lib\\site-packages\\comtypes\\gen\\__init__.py'>
2026-06-14 00:47:55,351 [comtypes.client._code_cache] INFO MainProcess: Using writeable comtypes cache directory: 'D:\Universidad\Analisis y Diseño de Algoritmos\Proyecto 2026-1\projecto-analisis-20261\K-GeoMIP\src\Method2_Dynamic_Programming_Reformulation\.venv\Lib\site-packages\comtypes\gen'
2026-06-14 09:52:40,260 [pyphi.conf] INFO MainProcess: PyPhi v1.2.0
2026-06-14 09:52:40,260 [pyphi.conf] INFO MainProcess: Loaded configuration from ['D:\\Universidad\\Analisis y Diseño de Algoritmos\\Proyecto 2026-1\\projecto-analisis-20261\\K-GeoMIP\\src\\Method2_Dynamic_Programming_Reformulation\\pyphi_config.yml']
2026-06-14 09:52:40,260 [pyphi.conf] INFO MainProcess: Current PyPhi configuration:
 { 'ASSUME_CUTS_CANNOT_CREATE_NEW_CONCEPTS': False,
  'CACHE_POTENTIAL_PURVIEWS': True,
  'CACHE_REPERTOIRES': True,
  'CACHE_SIAS': False,
  'CACHING_BACKEND': 'fs',
  'CLEAR_SUBSYSTEM_CACHES_AFTER_COMPUTING_SIA': False,
  'CUT_ONE_APPROXIMATION': False,
  'FS_CACHE_DIRECTORY': '__pyphi_cache__',
  'FS_CACHE_VERBOSITY': 0,
  'LOG_FILE': 'pyphi.log',
  'LOG_FILE_LEVEL': 'INFO',
  'LOG_STDOUT_LEVEL': 'WARNING',
  'MAXIMUM_CACHE_MEMORY_PERCENTAGE': 50,
  'MEASURE': 'EMD',
  'MONGODB_CONFIG': { 'collection_name': 'cache',
                      'database_name': 'pyphi',
                      'host': 'localhost',
                      'port': 27017},
  'NUMBER_OF_CORES': -1,
  'PARALLEL_COMPLEX_EVALUATION': False,
  'PARALLEL_CONCEPT_EVALUATION': False,
  'PARALLEL_CUT_EVALUATION': True,
  'PARTITION_TYPE': 'BI',
  'PICK_SMALLEST_PURVIEW': False,
  'PRECISION': 6,
  'PRINT_FRACTIONS': True,
  'PROGRESS_BARS': True,
  'REDIS_CACHE': False,
  'REDIS_CONFIG': {'db': 0, 'host': 'localhost', 'port': 6379, 'test_db': 1},
  'REPR_VERBOSITY': 2,
  'SINGLE_MICRO_NODES_WITH_SELFLOOPS_HAVE_PHI': False,
  'SYSTEM_CUTS': '3.0_STYLE',
  'USE_SMALL_PHI_DIFFERENCE_FOR_CES_DISTANCE': False,
  'VALIDATE_CONDITIONAL_INDEPENDENCE': True,
  'VALIDATE_SUBSYSTEM_STATES': True,
  'WELCOME_OFF': True}
2026-06-14 10:52:24,698 [comtypes.client._code_cache] INFO MainProcess: Imported existing <module 'comtypes.gen' from 'D:\\Universidad\\Analisis y Diseño de Algoritmos\\Proyecto 2026-1\\projecto-analisis-20261\\K-GeoMIP\\src\\Method2_Dynamic_Programming_Reformulation\\.venv\\Lib\\site-packages\\comtypes\\gen\\__init__.py'>
2026-06-14 10:52:24,698 [comtypes.client._code_cache] INFO MainProcess: Using writeable comtypes cache directory: 'D:\Universidad\Analisis y Diseño de Algoritmos\Proyecto 2026-1\projecto-analisis-20261\K-GeoMIP\src\Method2_Dynamic_Programming_Reformulation\.venv\Lib\site-packages\comtypes\gen'
2026-06-14 15:17:06,321 [pyphi.conf] INFO MainProcess: PyPhi v1.2.0
2026-06-14 15:17:06,322 [pyphi.conf] INFO MainProcess: Loaded configuration from ['D:\\Universidad\\Analisis y Diseño de Algoritmos\\Proyecto 2026-1\\projecto-analisis-20261\\K-GeoMIP\\src\\Method2_Dynamic_Programming_Reformulation\\pyphi_config.yml']
2026-06-14 15:17:06,323 [pyphi.conf] INFO MainProcess: Current PyPhi configuration:
 { 'ASSUME_CUTS_CANNOT_CREATE_NEW_CONCEPTS': False,
  'CACHE_POTENTIAL_PURVIEWS': True,
  'CACHE_REPERTOIRES': True,
  'CACHE_SIAS': False,
  'CACHING_BACKEND': 'fs',
  'CLEAR_SUBSYSTEM_CACHES_AFTER_COMPUTING_SIA': False,
  'CUT_ONE_APPROXIMATION': False,
  'FS_CACHE_DIRECTORY': '__pyphi_cache__',
  'FS_CACHE_VERBOSITY': 0,
  'LOG_FILE': 'pyphi.log',
  'LOG_FILE_LEVEL': 'INFO',
  'LOG_STDOUT_LEVEL': 'WARNING',
  'MAXIMUM_CACHE_MEMORY_PERCENTAGE': 50,
  'MEASURE': 'EMD',
  'MONGODB_CONFIG': { 'collection_name': 'cache',
                      'database_name': 'pyphi',
                      'host': 'localhost',
                      'port': 27017},
  'NUMBER_OF_CORES': -1,
  'PARALLEL_COMPLEX_EVALUATION': False,
  'PARALLEL_CONCEPT_EVALUATION': False,
  'PARALLEL_CUT_EVALUATION': True,
  'PARTITION_TYPE': 'BI',
  'PICK_SMALLEST_PURVIEW': False,
  'PRECISION': 6,
  'PRINT_FRACTIONS': True,
  'PROGRESS_BARS': True,
  'REDIS_CACHE': False,
  'REDIS_CONFIG': {'db': 0, 'host': 'localhost', 'port': 6379, 'test_db': 1},
  'REPR_VERBOSITY': 2,
  'SINGLE_MICRO_NODES_WITH_SELFLOOPS_HAVE_PHI': False,
  'SYSTEM_CUTS': '3.0_STYLE',
  'USE_SMALL_PHI_DIFFERENCE_FOR_CES_DISTANCE': False,
  'VALIDATE_CONDITIONAL_INDEPENDENCE': True,
  'VALIDATE_SUBSYSTEM_STATES': True,
  'WELCOME_OFF': True}
2026-06-14 15:36:51,132 [comtypes.client._code_cache] INFO MainProcess: Imported existing <module 'comtypes.gen' from 'D:\\Universidad\\Analisis y Diseño de Algoritmos\\Proyecto 2026-1\\projecto-analisis-20261\\K-GeoMIP\\src\\Method2_Dynamic_Programming_Reformulation\\.venv\\Lib\\site-packages\\comtypes\\gen\\__init__.py'>
2026-06-14 15:36:51,133 [comtypes.client._code_cache] INFO MainProcess: Using writeable comtypes cache directory: 'D:\Universidad\Analisis y Diseño de Algoritmos\Proyecto 2026-1\projecto-analisis-20261\K-GeoMIP\src\Method2_Dynamic_Programming_Reformulation\.venv\Lib\site-packages\comtypes\gen'
2026-06-14 20:24:31,788 [pyphi.conf] INFO MainProcess: PyPhi v1.2.0
2026-06-14 20:24:31,788 [pyphi.conf] INFO MainProcess: Loaded configuration from ['D:\\Universidad\\Analisis y Diseño de Algoritmos\\Proyecto 2026-1\\projecto-analisis-20261\\K-GeoMIP\\src\\Method2_Dynamic_Programming_Reformulation\\pyphi_config.yml']
2026-06-14 20:24:31,789 [pyphi.conf] INFO MainProcess: Current PyPhi configuration:
 { 'ASSUME_CUTS_CANNOT_CREATE_NEW_CONCEPTS': False,
  'CACHE_POTENTIAL_PURVIEWS': True,
  'CACHE_REPERTOIRES': True,
  'CACHE_SIAS': False,
  'CACHING_BACKEND': 'fs',
  'CLEAR_SUBSYSTEM_CACHES_AFTER_COMPUTING_SIA': False,
  'CUT_ONE_APPROXIMATION': False,
  'FS_CACHE_DIRECTORY': '__pyphi_cache__',
  'FS_CACHE_VERBOSITY': 0,
  'LOG_FILE': 'pyphi.log',
  'LOG_FILE_LEVEL': 'INFO',
  'LOG_STDOUT_LEVEL': 'WARNING',
  'MAXIMUM_CACHE_MEMORY_PERCENTAGE': 50,
  'MEASURE': 'EMD',
  'MONGODB_CONFIG': { 'collection_name': 'cache',
                      'database_name': 'pyphi',
                      'host': 'localhost',
                      'port': 27017},
  'NUMBER_OF_CORES': -1,
  'PARALLEL_COMPLEX_EVALUATION': False,
  'PARALLEL_CONCEPT_EVALUATION': False,
  'PARALLEL_CUT_EVALUATION': True,
  'PARTITION_TYPE': 'BI',
  'PICK_SMALLEST_PURVIEW': False,
  'PRECISION': 6,
  'PRINT_FRACTIONS': True,
  'PROGRESS_BARS': True,
  'REDIS_CACHE': False,
  'REDIS_CONFIG': {'db': 0, 'host': 'localhost', 'port': 6379, 'test_db': 1},
  'REPR_VERBOSITY': 2,
  'SINGLE_MICRO_NODES_WITH_SELFLOOPS_HAVE_PHI': False,
  'SYSTEM_CUTS': '3.0_STYLE',
  'USE_SMALL_PHI_DIFFERENCE_FOR_CES_DISTANCE': False,
  'VALIDATE_CONDITIONAL_INDEPENDENCE': True,
  'VALIDATE_SUBSYSTEM_STATES': True,
  'WELCOME_OFF': True}
2026-06-14 20:41:45,091 [comtypes.client._code_cache] INFO MainProcess: Imported existing <module 'comtypes.gen' from 'D:\\Universidad\\Analisis y Diseño de Algoritmos\\Proyecto 2026-1\\projecto-analisis-20261\\K-GeoMIP\\src\\Method2_Dynamic_Programming_Reformulation\\.venv\\Lib\\site-packages\\comtypes\\gen\\__init__.py'>
2026-06-14 20:41:45,095 [comtypes.client._code_cache] INFO MainProcess: Using writeable comtypes cache directory: 'D:\Universidad\Analisis y Diseño de Algoritmos\Proyecto 2026-1\projecto-analisis-20261\K-GeoMIP\src\Method2_Dynamic_Programming_Reformulation\.venv\Lib\site-packages\comtypes\gen'
2026-06-14 21:52:15,684 [pyphi.conf] INFO MainProcess: PyPhi v1.2.0
2026-06-14 21:52:15,684 [pyphi.conf] INFO MainProcess: Loaded configuration from ['D:\\Universidad\\Analisis y Diseño de Algoritmos\\Proyecto 2026-1\\projecto-analisis-20261\\K-GeoMIP\\src\\Method2_Dynamic_Programming_Reformulation\\pyphi_config.yml']
2026-06-14 21:52:15,685 [pyphi.conf] INFO MainProcess: Current PyPhi configuration:
 { 'ASSUME_CUTS_CANNOT_CREATE_NEW_CONCEPTS': False,
  'CACHE_POTENTIAL_PURVIEWS': True,
  'CACHE_REPERTOIRES': True,
  'CACHE_SIAS': False,
  'CACHING_BACKEND': 'fs',
  'CLEAR_SUBSYSTEM_CACHES_AFTER_COMPUTING_SIA': False,
  'CUT_ONE_APPROXIMATION': False,
  'FS_CACHE_DIRECTORY': '__pyphi_cache__',
  'FS_CACHE_VERBOSITY': 0,
  'LOG_FILE': 'pyphi.log',
  'LOG_FILE_LEVEL': 'INFO',
  'LOG_STDOUT_LEVEL': 'WARNING',
  'MAXIMUM_CACHE_MEMORY_PERCENTAGE': 50,
  'MEASURE': 'EMD',
  'MONGODB_CONFIG': { 'collection_name': 'cache',
                      'database_name': 'pyphi',
                      'host': 'localhost',
                      'port': 27017},
  'NUMBER_OF_CORES': -1,
  'PARALLEL_COMPLEX_EVALUATION': False,
  'PARALLEL_CONCEPT_EVALUATION': False,
  'PARALLEL_CUT_EVALUATION': True,
  'PARTITION_TYPE': 'BI',
  'PICK_SMALLEST_PURVIEW': False,
  'PRECISION': 6,
  'PRINT_FRACTIONS': True,
  'PROGRESS_BARS': True,
  'REDIS_CACHE': False,
  'REDIS_CONFIG': {'db': 0, 'host': 'localhost', 'port': 6379, 'test_db': 1},
  'REPR_VERBOSITY': 2,
  'SINGLE_MICRO_NODES_WITH_SELFLOOPS_HAVE_PHI': False,
  'SYSTEM_CUTS': '3.0_STYLE',
  'USE_SMALL_PHI_DIFFERENCE_FOR_CES_DISTANCE': False,
  'VALIDATE_CONDITIONAL_INDEPENDENCE': True,
  'VALIDATE_SUBSYSTEM_STATES': True,
  'WELCOME_OFF': True}
2026-06-14 22:12:43,825 [comtypes.client._code_cache] INFO MainProcess: Imported existing <module 'comtypes.gen' from 'D:\\Universidad\\Analisis y Diseño de Algoritmos\\Proyecto 2026-1\\projecto-analisis-20261\\K-GeoMIP\\src\\Method2_Dynamic_Programming_Reformulation\\.venv\\Lib\\site-packages\\comtypes\\gen\\__init__.py'>
2026-06-14 22:12:43,827 [comtypes.client._code_cache] INFO MainProcess: Using writeable comtypes cache directory: 'D:\Universidad\Analisis y Diseño de Algoritmos\Proyecto 2026-1\projecto-analisis-20261\K-GeoMIP\src\Method2_Dynamic_Programming_Reformulation\.venv\Lib\site-packages\comtypes\gen'
2026-06-15 04:13:58,219 [pyphi.conf] INFO MainProcess: PyPhi v1.2.0
2026-06-15 04:13:58,219 [pyphi.conf] INFO MainProcess: Loaded configuration from ['D:\\Universidad\\Analisis y Diseño de Algoritmos\\Proyecto 2026-1\\projecto-analisis-20261\\K-GeoMIP\\src\\Method2_Dynamic_Programming_Reformulation\\pyphi_config.yml']
2026-06-15 04:13:58,220 [pyphi.conf] INFO MainProcess: Current PyPhi configuration:
 { 'ASSUME_CUTS_CANNOT_CREATE_NEW_CONCEPTS': False,
  'CACHE_POTENTIAL_PURVIEWS': True,
  'CACHE_REPERTOIRES': True,
  'CACHE_SIAS': False,
  'CACHING_BACKEND': 'fs',
  'CLEAR_SUBSYSTEM_CACHES_AFTER_COMPUTING_SIA': False,
  'CUT_ONE_APPROXIMATION': False,
  'FS_CACHE_DIRECTORY': '__pyphi_cache__',
  'FS_CACHE_VERBOSITY': 0,
  'LOG_FILE': 'pyphi.log',
  'LOG_FILE_LEVEL': 'INFO',
  'LOG_STDOUT_LEVEL': 'WARNING',
  'MAXIMUM_CACHE_MEMORY_PERCENTAGE': 50,
  'MEASURE': 'EMD',
  'MONGODB_CONFIG': { 'collection_name': 'cache',
                      'database_name': 'pyphi',
                      'host': 'localhost',
                      'port': 27017},
  'NUMBER_OF_CORES': -1,
  'PARALLEL_COMPLEX_EVALUATION': False,
  'PARALLEL_CONCEPT_EVALUATION': False,
  'PARALLEL_CUT_EVALUATION': True,
  'PARTITION_TYPE': 'BI',
  'PICK_SMALLEST_PURVIEW': False,
  'PRECISION': 6,
  'PRINT_FRACTIONS': True,
  'PROGRESS_BARS': True,
  'REDIS_CACHE': False,
  'REDIS_CONFIG': {'db': 0, 'host': 'localhost', 'port': 6379, 'test_db': 1},
  'REPR_VERBOSITY': 2,
  'SINGLE_MICRO_NODES_WITH_SELFLOOPS_HAVE_PHI': False,
  'SYSTEM_CUTS': '3.0_STYLE',
  'USE_SMALL_PHI_DIFFERENCE_FOR_CES_DISTANCE': False,
  'VALIDATE_CONDITIONAL_INDEPENDENCE': True,
  'VALIDATE_SUBSYSTEM_STATES': True,
  'WELCOME_OFF': True}
2026-06-15 04:19:17,449 [pyphi.conf] INFO MainProcess: PyPhi v1.2.0
2026-06-15 04:19:17,449 [pyphi.conf] INFO MainProcess: Loaded configuration from ['D:\\Universidad\\Analisis y Diseño de Algoritmos\\Proyecto 2026-1\\projecto-analisis-20261\\K-GeoMIP\\src\\Method2_Dynamic_Programming_Reformulation\\pyphi_config.yml']
2026-06-15 04:19:17,450 [pyphi.conf] INFO MainProcess: Current PyPhi configuration:
 { 'ASSUME_CUTS_CANNOT_CREATE_NEW_CONCEPTS': False,
  'CACHE_POTENTIAL_PURVIEWS': True,
  'CACHE_REPERTOIRES': True,
  'CACHE_SIAS': False,
  'CACHING_BACKEND': 'fs',
  'CLEAR_SUBSYSTEM_CACHES_AFTER_COMPUTING_SIA': False,
  'CUT_ONE_APPROXIMATION': False,
  'FS_CACHE_DIRECTORY': '__pyphi_cache__',
  'FS_CACHE_VERBOSITY': 0,
  'LOG_FILE': 'pyphi.log',
  'LOG_FILE_LEVEL': 'INFO',
  'LOG_STDOUT_LEVEL': 'WARNING',
  'MAXIMUM_CACHE_MEMORY_PERCENTAGE': 50,
  'MEASURE': 'EMD',
  'MONGODB_CONFIG': { 'collection_name': 'cache',
                      'database_name': 'pyphi',
                      'host': 'localhost',
                      'port': 27017},
  'NUMBER_OF_CORES': -1,
  'PARALLEL_COMPLEX_EVALUATION': False,
  'PARALLEL_CONCEPT_EVALUATION': False,
  'PARALLEL_CUT_EVALUATION': True,
  'PARTITION_TYPE': 'BI',
  'PICK_SMALLEST_PURVIEW': False,
  'PRECISION': 6,
  'PRINT_FRACTIONS': True,
  'PROGRESS_BARS': True,
  'REDIS_CACHE': False,
  'REDIS_CONFIG': {'db': 0, 'host': 'localhost', 'port': 6379, 'test_db': 1},
  'REPR_VERBOSITY': 2,
  'SINGLE_MICRO_NODES_WITH_SELFLOOPS_HAVE_PHI': False,
  'SYSTEM_CUTS': '3.0_STYLE',
  'USE_SMALL_PHI_DIFFERENCE_FOR_CES_DISTANCE': False,
  'VALIDATE_CONDITIONAL_INDEPENDENCE': True,
  'VALIDATE_SUBSYSTEM_STATES': True,
  'WELCOME_OFF': True}
2026-06-15 04:45:18,735 [comtypes.client._code_cache] INFO MainProcess: Imported existing <module 'comtypes.gen' from 'D:\\Universidad\\Analisis y Diseño de Algoritmos\\Proyecto 2026-1\\projecto-analisis-20261\\K-GeoMIP\\src\\Method2_Dynamic_Programming_Reformulation\\.venv\\Lib\\site-packages\\comtypes\\gen\\__init__.py'>
2026-06-15 04:45:18,735 [comtypes.client._code_cache] INFO MainProcess: Using writeable comtypes cache directory: 'D:\Universidad\Analisis y Diseño de Algoritmos\Proyecto 2026-1\projecto-analisis-20261\K-GeoMIP\src\Method2_Dynamic_Programming_Reformulation\.venv\Lib\site-packages\comtypes\gen'
2026-06-15 11:59:05,436 [pyphi.conf] INFO MainProcess: PyPhi v1.2.0
2026-06-15 11:59:05,437 [pyphi.conf] INFO MainProcess: Loaded configuration from ['D:\\Universidad\\Analisis y Diseño de Algoritmos\\Proyecto 2026-1\\projecto-analisis-20261\\K-GeoMIP\\src\\Method2_Dynamic_Programming_Reformulation\\pyphi_config.yml']
2026-06-15 11:59:05,438 [pyphi.conf] INFO MainProcess: Current PyPhi configuration:
 { 'ASSUME_CUTS_CANNOT_CREATE_NEW_CONCEPTS': False,
  'CACHE_POTENTIAL_PURVIEWS': True,
  'CACHE_REPERTOIRES': True,
  'CACHE_SIAS': False,
  'CACHING_BACKEND': 'fs',
  'CLEAR_SUBSYSTEM_CACHES_AFTER_COMPUTING_SIA': False,
  'CUT_ONE_APPROXIMATION': False,
  'FS_CACHE_DIRECTORY': '__pyphi_cache__',
  'FS_CACHE_VERBOSITY': 0,
  'LOG_FILE': 'pyphi.log',
  'LOG_FILE_LEVEL': 'INFO',
  'LOG_STDOUT_LEVEL': 'WARNING',
  'MAXIMUM_CACHE_MEMORY_PERCENTAGE': 50,
  'MEASURE': 'EMD',
  'MONGODB_CONFIG': { 'collection_name': 'cache',
                      'database_name': 'pyphi',
                      'host': 'localhost',
                      'port': 27017},
  'NUMBER_OF_CORES': -1,
  'PARALLEL_COMPLEX_EVALUATION': False,
  'PARALLEL_CONCEPT_EVALUATION': False,
  'PARALLEL_CUT_EVALUATION': True,
  'PARTITION_TYPE': 'BI',
  'PICK_SMALLEST_PURVIEW': False,
  'PRECISION': 6,
  'PRINT_FRACTIONS': True,
  'PROGRESS_BARS': True,
  'REDIS_CACHE': False,
  'REDIS_CONFIG': {'db': 0, 'host': 'localhost', 'port': 6379, 'test_db': 1},
  'REPR_VERBOSITY': 2,
  'SINGLE_MICRO_NODES_WITH_SELFLOOPS_HAVE_PHI': False,
  'SYSTEM_CUTS': '3.0_STYLE',
  'USE_SMALL_PHI_DIFFERENCE_FOR_CES_DISTANCE': False,
  'VALIDATE_CONDITIONAL_INDEPENDENCE': True,
  'VALIDATE_SUBSYSTEM_STATES': True,
  'WELCOME_OFF': True}
2026-06-15 12:22:43,855 [comtypes.client._code_cache] INFO MainProcess: Imported existing <module 'comtypes.gen' from 'D:\\Universidad\\Analisis y Diseño de Algoritmos\\Proyecto 2026-1\\projecto-analisis-20261\\K-GeoMIP\\src\\Method2_Dynamic_Programming_Reformulation\\.venv\\Lib\\site-packages\\comtypes\\gen\\__init__.py'>
2026-06-15 12:22:43,856 [comtypes.client._code_cache] INFO MainProcess: Using writeable comtypes cache directory: 'D:\Universidad\Analisis y Diseño de Algoritmos\Proyecto 2026-1\projecto-analisis-20261\K-GeoMIP\src\Method2_Dynamic_Programming_Reformulation\.venv\Lib\site-packages\comtypes\gen'
2026-06-15 13:59:16,438 [pyphi.conf] INFO MainProcess: PyPhi v1.2.0
2026-06-15 13:59:16,439 [pyphi.conf] INFO MainProcess: Loaded configuration from ['D:\\Universidad\\Analisis y Diseño de Algoritmos\\Proyecto 2026-1\\projecto-analisis-20261\\K-GeoMIP\\src\\Method2_Dynamic_Programming_Reformulation\\pyphi_config.yml']
2026-06-15 13:59:16,440 [pyphi.conf] INFO MainProcess: Current PyPhi configuration:
 { 'ASSUME_CUTS_CANNOT_CREATE_NEW_CONCEPTS': False,
  'CACHE_POTENTIAL_PURVIEWS': True,
  'CACHE_REPERTOIRES': True,
  'CACHE_SIAS': False,
  'CACHING_BACKEND': 'fs',
  'CLEAR_SUBSYSTEM_CACHES_AFTER_COMPUTING_SIA': False,
  'CUT_ONE_APPROXIMATION': False,
  'FS_CACHE_DIRECTORY': '__pyphi_cache__',
  'FS_CACHE_VERBOSITY': 0,
  'LOG_FILE': 'pyphi.log',
  'LOG_FILE_LEVEL': 'INFO',
  'LOG_STDOUT_LEVEL': 'WARNING',
  'MAXIMUM_CACHE_MEMORY_PERCENTAGE': 50,
  'MEASURE': 'EMD',
  'MONGODB_CONFIG': { 'collection_name': 'cache',
                      'database_name': 'pyphi',
                      'host': 'localhost',
                      'port': 27017},
  'NUMBER_OF_CORES': -1,
  'PARALLEL_COMPLEX_EVALUATION': False,
  'PARALLEL_CONCEPT_EVALUATION': False,
  'PARALLEL_CUT_EVALUATION': True,
  'PARTITION_TYPE': 'BI',
  'PICK_SMALLEST_PURVIEW': False,
  'PRECISION': 6,
  'PRINT_FRACTIONS': True,
  'PROGRESS_BARS': True,
  'REDIS_CACHE': False,
  'REDIS_CONFIG': {'db': 0, 'host': 'localhost', 'port': 6379, 'test_db': 1},
  'REPR_VERBOSITY': 2,
  'SINGLE_MICRO_NODES_WITH_SELFLOOPS_HAVE_PHI': False,
  'SYSTEM_CUTS': '3.0_STYLE',
  'USE_SMALL_PHI_DIFFERENCE_FOR_CES_DISTANCE': False,
  'VALIDATE_CONDITIONAL_INDEPENDENCE': True,
  'VALIDATE_SUBSYSTEM_STATES': True,
  'WELCOME_OFF': True}
2026-06-15 14:14:58,381 [comtypes.client._code_cache] INFO MainProcess: Imported existing <module 'comtypes.gen' from 'D:\\Universidad\\Analisis y Diseño de Algoritmos\\Proyecto 2026-1\\projecto-analisis-20261\\K-GeoMIP\\src\\Method2_Dynamic_Programming_Reformulation\\.venv\\Lib\\site-packages\\comtypes\\gen\\__init__.py'>
2026-06-15 14:14:58,381 [comtypes.client._code_cache] INFO MainProcess: Using writeable comtypes cache directory: 'D:\Universidad\Analisis y Diseño de Algoritmos\Proyecto 2026-1\projecto-analisis-20261\K-GeoMIP\src\Method2_Dynamic_Programming_Reformulation\.venv\Lib\site-packages\comtypes\gen'
2026-06-15 16:49:58,445 [pyphi.conf] INFO MainProcess: PyPhi v1.2.0
2026-06-15 16:49:58,445 [pyphi.conf] INFO MainProcess: Loaded configuration from ['D:\\Universidad\\Analisis y Diseño de Algoritmos\\Proyecto 2026-1\\projecto-analisis-20261\\K-GeoMIP\\src\\Method2_Dynamic_Programming_Reformulation\\pyphi_config.yml']
2026-06-15 16:49:58,446 [pyphi.conf] INFO MainProcess: Current PyPhi configuration:
 { 'ASSUME_CUTS_CANNOT_CREATE_NEW_CONCEPTS': False,
  'CACHE_POTENTIAL_PURVIEWS': True,
  'CACHE_REPERTOIRES': True,
  'CACHE_SIAS': False,
  'CACHING_BACKEND': 'fs',
  'CLEAR_SUBSYSTEM_CACHES_AFTER_COMPUTING_SIA': False,
  'CUT_ONE_APPROXIMATION': False,
  'FS_CACHE_DIRECTORY': '__pyphi_cache__',
  'FS_CACHE_VERBOSITY': 0,
  'LOG_FILE': 'pyphi.log',
  'LOG_FILE_LEVEL': 'INFO',
  'LOG_STDOUT_LEVEL': 'WARNING',
  'MAXIMUM_CACHE_MEMORY_PERCENTAGE': 50,
  'MEASURE': 'EMD',
  'MONGODB_CONFIG': { 'collection_name': 'cache',
                      'database_name': 'pyphi',
                      'host': 'localhost',
                      'port': 27017},
  'NUMBER_OF_CORES': -1,
  'PARALLEL_COMPLEX_EVALUATION': False,
  'PARALLEL_CONCEPT_EVALUATION': False,
  'PARALLEL_CUT_EVALUATION': True,
  'PARTITION_TYPE': 'BI',
  'PICK_SMALLEST_PURVIEW': False,
  'PRECISION': 6,
  'PRINT_FRACTIONS': True,
  'PROGRESS_BARS': True,
  'REDIS_CACHE': False,
  'REDIS_CONFIG': {'db': 0, 'host': 'localhost', 'port': 6379, 'test_db': 1},
  'REPR_VERBOSITY': 2,
  'SINGLE_MICRO_NODES_WITH_SELFLOOPS_HAVE_PHI': False,
  'SYSTEM_CUTS': '3.0_STYLE',
  'USE_SMALL_PHI_DIFFERENCE_FOR_CES_DISTANCE': False,
  'VALIDATE_CONDITIONAL_INDEPENDENCE': True,
  'VALIDATE_SUBSYSTEM_STATES': True,
  'WELCOME_OFF': True}
2026-06-15 17:17:43,826 [comtypes.client._code_cache] INFO MainProcess: Imported existing <module 'comtypes.gen' from 'D:\\Universidad\\Analisis y Diseño de Algoritmos\\Proyecto 2026-1\\projecto-analisis-20261\\K-GeoMIP\\src\\Method2_Dynamic_Programming_Reformulation\\.venv\\Lib\\site-packages\\comtypes\\gen\\__init__.py'>
2026-06-15 17:17:43,828 [comtypes.client._code_cache] INFO MainProcess: Using writeable comtypes cache directory: 'D:\Universidad\Analisis y Diseño de Algoritmos\Proyecto 2026-1\projecto-analisis-20261\K-GeoMIP\src\Method2_Dynamic_Programming_Reformulation\.venv\Lib\site-packages\comtypes\gen'
2026-06-15 20:18:55,764 [pyphi.conf] INFO MainProcess: PyPhi v1.2.0
2026-06-15 20:18:55,765 [pyphi.conf] INFO MainProcess: Loaded configuration from ['D:\\Universidad\\Analisis y Diseño de Algoritmos\\Proyecto 2026-1\\projecto-analisis-20261\\K-GeoMIP\\src\\Method2_Dynamic_Programming_Reformulation\\pyphi_config.yml']
2026-06-15 20:18:55,766 [pyphi.conf] INFO MainProcess: Current PyPhi configuration:
 { 'ASSUME_CUTS_CANNOT_CREATE_NEW_CONCEPTS': False,
  'CACHE_POTENTIAL_PURVIEWS': True,
  'CACHE_REPERTOIRES': True,
  'CACHE_SIAS': False,
  'CACHING_BACKEND': 'fs',
  'CLEAR_SUBSYSTEM_CACHES_AFTER_COMPUTING_SIA': False,
  'CUT_ONE_APPROXIMATION': False,
  'FS_CACHE_DIRECTORY': '__pyphi_cache__',
  'FS_CACHE_VERBOSITY': 0,
  'LOG_FILE': 'pyphi.log',
  'LOG_FILE_LEVEL': 'INFO',
  'LOG_STDOUT_LEVEL': 'WARNING',
  'MAXIMUM_CACHE_MEMORY_PERCENTAGE': 50,
  'MEASURE': 'EMD',
  'MONGODB_CONFIG': { 'collection_name': 'cache',
                      'database_name': 'pyphi',
                      'host': 'localhost',
                      'port': 27017},
  'NUMBER_OF_CORES': -1,
  'PARALLEL_COMPLEX_EVALUATION': False,
  'PARALLEL_CONCEPT_EVALUATION': False,
  'PARALLEL_CUT_EVALUATION': True,
  'PARTITION_TYPE': 'BI',
  'PICK_SMALLEST_PURVIEW': False,
  'PRECISION': 6,
  'PRINT_FRACTIONS': True,
  'PROGRESS_BARS': True,
  'REDIS_CACHE': False,
  'REDIS_CONFIG': {'db': 0, 'host': 'localhost', 'port': 6379, 'test_db': 1},
  'REPR_VERBOSITY': 2,
  'SINGLE_MICRO_NODES_WITH_SELFLOOPS_HAVE_PHI': False,
  'SYSTEM_CUTS': '3.0_STYLE',
  'USE_SMALL_PHI_DIFFERENCE_FOR_CES_DISTANCE': False,
  'VALIDATE_CONDITIONAL_INDEPENDENCE': True,
  'VALIDATE_SUBSYSTEM_STATES': True,
  'WELCOME_OFF': True}
2026-06-15 20:26:09,550 [pyphi.conf] INFO MainProcess: PyPhi v1.2.0
2026-06-15 20:26:09,550 [pyphi.conf] INFO MainProcess: Loaded configuration from ['D:\\Universidad\\Analisis y Diseño de Algoritmos\\Proyecto 2026-1\\projecto-analisis-20261\\K-GeoMIP\\src\\Method2_Dynamic_Programming_Reformulation\\pyphi_config.yml']
2026-06-15 20:26:09,551 [pyphi.conf] INFO MainProcess: Current PyPhi configuration:
 { 'ASSUME_CUTS_CANNOT_CREATE_NEW_CONCEPTS': False,
  'CACHE_POTENTIAL_PURVIEWS': True,
  'CACHE_REPERTOIRES': True,
  'CACHE_SIAS': False,
  'CACHING_BACKEND': 'fs',
  'CLEAR_SUBSYSTEM_CACHES_AFTER_COMPUTING_SIA': False,
  'CUT_ONE_APPROXIMATION': False,
  'FS_CACHE_DIRECTORY': '__pyphi_cache__',
  'FS_CACHE_VERBOSITY': 0,
  'LOG_FILE': 'pyphi.log',
  'LOG_FILE_LEVEL': 'INFO',
  'LOG_STDOUT_LEVEL': 'WARNING',
  'MAXIMUM_CACHE_MEMORY_PERCENTAGE': 50,
  'MEASURE': 'EMD',
  'MONGODB_CONFIG': { 'collection_name': 'cache',
                      'database_name': 'pyphi',
                      'host': 'localhost',
                      'port': 27017},
  'NUMBER_OF_CORES': -1,
  'PARALLEL_COMPLEX_EVALUATION': False,
  'PARALLEL_CONCEPT_EVALUATION': False,
  'PARALLEL_CUT_EVALUATION': True,
  'PARTITION_TYPE': 'BI',
  'PICK_SMALLEST_PURVIEW': False,
  'PRECISION': 6,
  'PRINT_FRACTIONS': True,
  'PROGRESS_BARS': True,
  'REDIS_CACHE': False,
  'REDIS_CONFIG': {'db': 0, 'host': 'localhost', 'port': 6379, 'test_db': 1},
  'REPR_VERBOSITY': 2,
  'SINGLE_MICRO_NODES_WITH_SELFLOOPS_HAVE_PHI': False,
  'SYSTEM_CUTS': '3.0_STYLE',
  'USE_SMALL_PHI_DIFFERENCE_FOR_CES_DISTANCE': False,
  'VALIDATE_CONDITIONAL_INDEPENDENCE': True,
  'VALIDATE_SUBSYSTEM_STATES': True,
  'WELCOME_OFF': True}
2026-06-15 20:28:24,022 [pyphi.conf] INFO MainProcess: PyPhi v1.2.0
2026-06-15 20:28:24,023 [pyphi.conf] INFO MainProcess: Loaded configuration from ['D:\\Universidad\\Analisis y Diseño de Algoritmos\\Proyecto 2026-1\\projecto-analisis-20261\\K-GeoMIP\\src\\Method2_Dynamic_Programming_Reformulation\\pyphi_config.yml']
2026-06-15 20:28:24,025 [pyphi.conf] INFO MainProcess: Current PyPhi configuration:
 { 'ASSUME_CUTS_CANNOT_CREATE_NEW_CONCEPTS': False,
  'CACHE_POTENTIAL_PURVIEWS': True,
  'CACHE_REPERTOIRES': True,
  'CACHE_SIAS': False,
  'CACHING_BACKEND': 'fs',
  'CLEAR_SUBSYSTEM_CACHES_AFTER_COMPUTING_SIA': False,
  'CUT_ONE_APPROXIMATION': False,
  'FS_CACHE_DIRECTORY': '__pyphi_cache__',
  'FS_CACHE_VERBOSITY': 0,
  'LOG_FILE': 'pyphi.log',
  'LOG_FILE_LEVEL': 'INFO',
  'LOG_STDOUT_LEVEL': 'WARNING',
  'MAXIMUM_CACHE_MEMORY_PERCENTAGE': 50,
  'MEASURE': 'EMD',
  'MONGODB_CONFIG': { 'collection_name': 'cache',
                      'database_name': 'pyphi',
                      'host': 'localhost',
                      'port': 27017},
  'NUMBER_OF_CORES': -1,
  'PARALLEL_COMPLEX_EVALUATION': False,
  'PARALLEL_CONCEPT_EVALUATION': False,
  'PARALLEL_CUT_EVALUATION': True,
  'PARTITION_TYPE': 'BI',
  'PICK_SMALLEST_PURVIEW': False,
  'PRECISION': 6,
  'PRINT_FRACTIONS': True,
  'PROGRESS_BARS': True,
  'REDIS_CACHE': False,
  'REDIS_CONFIG': {'db': 0, 'host': 'localhost', 'port': 6379, 'test_db': 1},
  'REPR_VERBOSITY': 2,
  'SINGLE_MICRO_NODES_WITH_SELFLOOPS_HAVE_PHI': False,
  'SYSTEM_CUTS': '3.0_STYLE',
  'USE_SMALL_PHI_DIFFERENCE_FOR_CES_DISTANCE': False,
  'VALIDATE_CONDITIONAL_INDEPENDENCE': True,
  'VALIDATE_SUBSYSTEM_STATES': True,
  'WELCOME_OFF': True}
2026-06-15 20:30:23,710 [pyphi.conf] INFO MainProcess: PyPhi v1.2.0
2026-06-15 20:30:23,712 [pyphi.conf] INFO MainProcess: Loaded configuration from ['D:\\Universidad\\Analisis y Diseño de Algoritmos\\Proyecto 2026-1\\projecto-analisis-20261\\K-GeoMIP\\src\\Method2_Dynamic_Programming_Reformulation\\pyphi_config.yml']
2026-06-15 20:30:23,713 [pyphi.conf] INFO MainProcess: Current PyPhi configuration:
 { 'ASSUME_CUTS_CANNOT_CREATE_NEW_CONCEPTS': False,
  'CACHE_POTENTIAL_PURVIEWS': True,
  'CACHE_REPERTOIRES': True,
  'CACHE_SIAS': False,
  'CACHING_BACKEND': 'fs',
  'CLEAR_SUBSYSTEM_CACHES_AFTER_COMPUTING_SIA': False,
  'CUT_ONE_APPROXIMATION': False,
  'FS_CACHE_DIRECTORY': '__pyphi_cache__',
  'FS_CACHE_VERBOSITY': 0,
  'LOG_FILE': 'pyphi.log',
  'LOG_FILE_LEVEL': 'INFO',
  'LOG_STDOUT_LEVEL': 'WARNING',
  'MAXIMUM_CACHE_MEMORY_PERCENTAGE': 50,
  'MEASURE': 'EMD',
  'MONGODB_CONFIG': { 'collection_name': 'cache',
                      'database_name': 'pyphi',
                      'host': 'localhost',
                      'port': 27017},
  'NUMBER_OF_CORES': -1,
  'PARALLEL_COMPLEX_EVALUATION': False,
  'PARALLEL_CONCEPT_EVALUATION': False,
  'PARALLEL_CUT_EVALUATION': True,
  'PARTITION_TYPE': 'BI',
  'PICK_SMALLEST_PURVIEW': False,
  'PRECISION': 6,
  'PRINT_FRACTIONS': True,
  'PROGRESS_BARS': True,
  'REDIS_CACHE': False,
  'REDIS_CONFIG': {'db': 0, 'host': 'localhost', 'port': 6379, 'test_db': 1},
  'REPR_VERBOSITY': 2,
  'SINGLE_MICRO_NODES_WITH_SELFLOOPS_HAVE_PHI': False,
  'SYSTEM_CUTS': '3.0_STYLE',
  'USE_SMALL_PHI_DIFFERENCE_FOR_CES_DISTANCE': False,
  'VALIDATE_CONDITIONAL_INDEPENDENCE': True,
  'VALIDATE_SUBSYSTEM_STATES': True,
  'WELCOME_OFF': True}
2026-06-15 20:31:35,784 [pyphi.conf] INFO MainProcess: PyPhi v1.2.0
2026-06-15 20:31:35,785 [pyphi.conf] INFO MainProcess: Loaded configuration from ['D:\\Universidad\\Analisis y Diseño de Algoritmos\\Proyecto 2026-1\\projecto-analisis-20261\\K-GeoMIP\\src\\Method2_Dynamic_Programming_Reformulation\\pyphi_config.yml']
2026-06-15 20:31:35,787 [pyphi.conf] INFO MainProcess: Current PyPhi configuration:
 { 'ASSUME_CUTS_CANNOT_CREATE_NEW_CONCEPTS': False,
  'CACHE_POTENTIAL_PURVIEWS': True,
  'CACHE_REPERTOIRES': True,
  'CACHE_SIAS': False,
  'CACHING_BACKEND': 'fs',
  'CLEAR_SUBSYSTEM_CACHES_AFTER_COMPUTING_SIA': False,
  'CUT_ONE_APPROXIMATION': False,
  'FS_CACHE_DIRECTORY': '__pyphi_cache__',
  'FS_CACHE_VERBOSITY': 0,
  'LOG_FILE': 'pyphi.log',
  'LOG_FILE_LEVEL': 'INFO',
  'LOG_STDOUT_LEVEL': 'WARNING',
  'MAXIMUM_CACHE_MEMORY_PERCENTAGE': 50,
  'MEASURE': 'EMD',
  'MONGODB_CONFIG': { 'collection_name': 'cache',
                      'database_name': 'pyphi',
                      'host': 'localhost',
                      'port': 27017},
  'NUMBER_OF_CORES': -1,
  'PARALLEL_COMPLEX_EVALUATION': False,
  'PARALLEL_CONCEPT_EVALUATION': False,
  'PARALLEL_CUT_EVALUATION': True,
  'PARTITION_TYPE': 'BI',
  'PICK_SMALLEST_PURVIEW': False,
  'PRECISION': 6,
  'PRINT_FRACTIONS': True,
  'PROGRESS_BARS': True,
  'REDIS_CACHE': False,
  'REDIS_CONFIG': {'db': 0, 'host': 'localhost', 'port': 6379, 'test_db': 1},
  'REPR_VERBOSITY': 2,
  'SINGLE_MICRO_NODES_WITH_SELFLOOPS_HAVE_PHI': False,
  'SYSTEM_CUTS': '3.0_STYLE',
  'USE_SMALL_PHI_DIFFERENCE_FOR_CES_DISTANCE': False,
  'VALIDATE_CONDITIONAL_INDEPENDENCE': True,
  'VALIDATE_SUBSYSTEM_STATES': True,
  'WELCOME_OFF': True}
2026-06-15 21:00:55,142 [pyphi.conf] INFO MainProcess: PyPhi v1.2.0
2026-06-15 21:00:55,143 [pyphi.conf] INFO MainProcess: Loaded configuration from ['D:\\Universidad\\Analisis y Diseño de Algoritmos\\Proyecto 2026-1\\projecto-analisis-20261\\K-GeoMIP\\src\\Method2_Dynamic_Programming_Reformulation\\pyphi_config.yml']
2026-06-15 21:00:55,144 [pyphi.conf] INFO MainProcess: Current PyPhi configuration:
 { 'ASSUME_CUTS_CANNOT_CREATE_NEW_CONCEPTS': False,
  'CACHE_POTENTIAL_PURVIEWS': True,
  'CACHE_REPERTOIRES': True,
  'CACHE_SIAS': False,
  'CACHING_BACKEND': 'fs',
  'CLEAR_SUBSYSTEM_CACHES_AFTER_COMPUTING_SIA': False,
  'CUT_ONE_APPROXIMATION': False,
  'FS_CACHE_DIRECTORY': '__pyphi_cache__',
  'FS_CACHE_VERBOSITY': 0,
  'LOG_FILE': 'pyphi.log',
  'LOG_FILE_LEVEL': 'INFO',
  'LOG_STDOUT_LEVEL': 'WARNING',
  'MAXIMUM_CACHE_MEMORY_PERCENTAGE': 50,
  'MEASURE': 'EMD',
  'MONGODB_CONFIG': { 'collection_name': 'cache',
                      'database_name': 'pyphi',
                      'host': 'localhost',
                      'port': 27017},
  'NUMBER_OF_CORES': -1,
  'PARALLEL_COMPLEX_EVALUATION': False,
  'PARALLEL_CONCEPT_EVALUATION': False,
  'PARALLEL_CUT_EVALUATION': True,
  'PARTITION_TYPE': 'BI',
  'PICK_SMALLEST_PURVIEW': False,
  'PRECISION': 6,
  'PRINT_FRACTIONS': True,
  'PROGRESS_BARS': True,
  'REDIS_CACHE': False,
  'REDIS_CONFIG': {'db': 0, 'host': 'localhost', 'port': 6379, 'test_db': 1},
  'REPR_VERBOSITY': 2,
  'SINGLE_MICRO_NODES_WITH_SELFLOOPS_HAVE_PHI': False,
  'SYSTEM_CUTS': '3.0_STYLE',
  'USE_SMALL_PHI_DIFFERENCE_FOR_CES_DISTANCE': False,
  'VALIDATE_CONDITIONAL_INDEPENDENCE': True,
  'VALIDATE_SUBSYSTEM_STATES': True,
  'WELCOME_OFF': True}
2026-06-15 21:04:06,764 [comtypes.client._code_cache] INFO MainProcess: Imported existing <module 'comtypes.gen' from 'D:\\Universidad\\Analisis y Diseño de Algoritmos\\Proyecto 2026-1\\projecto-analisis-20261\\K-GeoMIP\\src\\Method2_Dynamic_Programming_Reformulation\\.venv\\Lib\\site-packages\\comtypes\\gen\\__init__.py'>
2026-06-15 21:04:06,770 [comtypes.client._code_cache] INFO MainProcess: Using writeable comtypes cache directory: 'D:\Universidad\Analisis y Diseño de Algoritmos\Proyecto 2026-1\projecto-analisis-20261\K-GeoMIP\src\Method2_Dynamic_Programming_Reformulation\.venv\Lib\site-packages\comtypes\gen'
2026-06-15 21:10:16,259 [pyphi.conf] INFO MainProcess: PyPhi v1.2.0
2026-06-15 21:10:16,259 [pyphi.conf] INFO MainProcess: Loaded configuration from ['D:\\Universidad\\Analisis y Diseño de Algoritmos\\Proyecto 2026-1\\projecto-analisis-20261\\K-GeoMIP\\src\\Method2_Dynamic_Programming_Reformulation\\pyphi_config.yml']
2026-06-15 21:10:16,260 [pyphi.conf] INFO MainProcess: Current PyPhi configuration:
 { 'ASSUME_CUTS_CANNOT_CREATE_NEW_CONCEPTS': False,
  'CACHE_POTENTIAL_PURVIEWS': True,
  'CACHE_REPERTOIRES': True,
  'CACHE_SIAS': False,
  'CACHING_BACKEND': 'fs',
  'CLEAR_SUBSYSTEM_CACHES_AFTER_COMPUTING_SIA': False,
  'CUT_ONE_APPROXIMATION': False,
  'FS_CACHE_DIRECTORY': '__pyphi_cache__',
  'FS_CACHE_VERBOSITY': 0,
  'LOG_FILE': 'pyphi.log',
  'LOG_FILE_LEVEL': 'INFO',
  'LOG_STDOUT_LEVEL': 'WARNING',
  'MAXIMUM_CACHE_MEMORY_PERCENTAGE': 50,
  'MEASURE': 'EMD',
  'MONGODB_CONFIG': { 'collection_name': 'cache',
                      'database_name': 'pyphi',
                      'host': 'localhost',
                      'port': 27017},
  'NUMBER_OF_CORES': -1,
  'PARALLEL_COMPLEX_EVALUATION': False,
  'PARALLEL_CONCEPT_EVALUATION': False,
  'PARALLEL_CUT_EVALUATION': True,
  'PARTITION_TYPE': 'BI',
  'PICK_SMALLEST_PURVIEW': False,
  'PRECISION': 6,
  'PRINT_FRACTIONS': True,
  'PROGRESS_BARS': True,
  'REDIS_CACHE': False,
  'REDIS_CONFIG': {'db': 0, 'host': 'localhost', 'port': 6379, 'test_db': 1},
  'REPR_VERBOSITY': 2,
  'SINGLE_MICRO_NODES_WITH_SELFLOOPS_HAVE_PHI': False,
  'SYSTEM_CUTS': '3.0_STYLE',
  'USE_SMALL_PHI_DIFFERENCE_FOR_CES_DISTANCE': False,
  'VALIDATE_CONDITIONAL_INDEPENDENCE': True,
  'VALIDATE_SUBSYSTEM_STATES': True,
  'WELCOME_OFF': True}
2026-06-15 21:10:25,921 [comtypes.client._code_cache] INFO MainProcess: Imported existing <module 'comtypes.gen' from 'D:\\Universidad\\Analisis y Diseño de Algoritmos\\Proyecto 2026-1\\projecto-analisis-20261\\K-GeoMIP\\src\\Method2_Dynamic_Programming_Reformulation\\.venv\\Lib\\site-packages\\comtypes\\gen\\__init__.py'>
2026-06-15 21:10:25,922 [comtypes.client._code_cache] INFO MainProcess: Using writeable comtypes cache directory: 'D:\Universidad\Analisis y Diseño de Algoritmos\Proyecto 2026-1\projecto-analisis-20261\K-GeoMIP\src\Method2_Dynamic_Programming_Reformulation\.venv\Lib\site-packages\comtypes\gen'
2026-06-15 21:33:19,488 [pyphi.conf] INFO MainProcess: PyPhi v1.2.0
2026-06-15 21:33:19,488 [pyphi.conf] INFO MainProcess: Loaded configuration from ['D:\\Universidad\\Analisis y Diseño de Algoritmos\\Proyecto 2026-1\\projecto-analisis-20261\\K-GeoMIP\\src\\Method2_Dynamic_Programming_Reformulation\\pyphi_config.yml']
2026-06-15 21:33:19,490 [pyphi.conf] INFO MainProcess: Current PyPhi configuration:
 { 'ASSUME_CUTS_CANNOT_CREATE_NEW_CONCEPTS': False,
  'CACHE_POTENTIAL_PURVIEWS': True,
  'CACHE_REPERTOIRES': True,
  'CACHE_SIAS': False,
  'CACHING_BACKEND': 'fs',
  'CLEAR_SUBSYSTEM_CACHES_AFTER_COMPUTING_SIA': False,
  'CUT_ONE_APPROXIMATION': False,
  'FS_CACHE_DIRECTORY': '__pyphi_cache__',
  'FS_CACHE_VERBOSITY': 0,
  'LOG_FILE': 'pyphi.log',
  'LOG_FILE_LEVEL': 'INFO',
  'LOG_STDOUT_LEVEL': 'WARNING',
  'MAXIMUM_CACHE_MEMORY_PERCENTAGE': 50,
  'MEASURE': 'EMD',
  'MONGODB_CONFIG': { 'collection_name': 'cache',
                      'database_name': 'pyphi',
                      'host': 'localhost',
                      'port': 27017},
  'NUMBER_OF_CORES': -1,
  'PARALLEL_COMPLEX_EVALUATION': False,
  'PARALLEL_CONCEPT_EVALUATION': False,
  'PARALLEL_CUT_EVALUATION': True,
  'PARTITION_TYPE': 'BI',
  'PICK_SMALLEST_PURVIEW': False,
  'PRECISION': 6,
  'PRINT_FRACTIONS': True,
  'PROGRESS_BARS': True,
  'REDIS_CACHE': False,
  'REDIS_CONFIG': {'db': 0, 'host': 'localhost', 'port': 6379, 'test_db': 1},
  'REPR_VERBOSITY': 2,
  'SINGLE_MICRO_NODES_WITH_SELFLOOPS_HAVE_PHI': False,
  'SYSTEM_CUTS': '3.0_STYLE',
  'USE_SMALL_PHI_DIFFERENCE_FOR_CES_DISTANCE': False,
  'VALIDATE_CONDITIONAL_INDEPENDENCE': True,
  'VALIDATE_SUBSYSTEM_STATES': True,
  'WELCOME_OFF': True}
2026-06-15 23:41:53,068 [pyphi.conf] INFO MainProcess: PyPhi v1.2.0
2026-06-15 23:41:53,070 [pyphi.conf] INFO MainProcess: Loaded configuration from ['D:\\Universidad\\Analisis y Diseño de Algoritmos\\Proyecto 2026-1\\projecto-analisis-20261\\K-GeoMIP\\src\\Method2_Dynamic_Programming_Reformulation\\pyphi_config.yml']
2026-06-15 23:41:53,072 [pyphi.conf] INFO MainProcess: Current PyPhi configuration:
 { 'ASSUME_CUTS_CANNOT_CREATE_NEW_CONCEPTS': False,
  'CACHE_POTENTIAL_PURVIEWS': True,
  'CACHE_REPERTOIRES': True,
  'CACHE_SIAS': False,
  'CACHING_BACKEND': 'fs',
  'CLEAR_SUBSYSTEM_CACHES_AFTER_COMPUTING_SIA': False,
  'CUT_ONE_APPROXIMATION': False,
  'FS_CACHE_DIRECTORY': '__pyphi_cache__',
  'FS_CACHE_VERBOSITY': 0,
  'LOG_FILE': 'pyphi.log',
  'LOG_FILE_LEVEL': 'INFO',
  'LOG_STDOUT_LEVEL': 'WARNING',
  'MAXIMUM_CACHE_MEMORY_PERCENTAGE': 50,
  'MEASURE': 'EMD',
  'MONGODB_CONFIG': { 'collection_name': 'cache',
                      'database_name': 'pyphi',
                      'host': 'localhost',
                      'port': 27017},
  'NUMBER_OF_CORES': -1,
  'PARALLEL_COMPLEX_EVALUATION': False,
  'PARALLEL_CONCEPT_EVALUATION': False,
  'PARALLEL_CUT_EVALUATION': True,
  'PARTITION_TYPE': 'BI',
  'PICK_SMALLEST_PURVIEW': False,
  'PRECISION': 6,
  'PRINT_FRACTIONS': True,
  'PROGRESS_BARS': True,
  'REDIS_CACHE': False,
  'REDIS_CONFIG': {'db': 0, 'host': 'localhost', 'port': 6379, 'test_db': 1},
  'REPR_VERBOSITY': 2,
  'SINGLE_MICRO_NODES_WITH_SELFLOOPS_HAVE_PHI': False,
  'SYSTEM_CUTS': '3.0_STYLE',
  'USE_SMALL_PHI_DIFFERENCE_FOR_CES_DISTANCE': False,
  'VALIDATE_CONDITIONAL_INDEPENDENCE': True,
  'VALIDATE_SUBSYSTEM_STATES': True,
  'WELCOME_OFF': True}
2026-06-16 00:00:12,724 [comtypes.client._code_cache] INFO MainProcess: Imported existing <module 'comtypes.gen' from 'D:\\Universidad\\Analisis y Diseño de Algoritmos\\Proyecto 2026-1\\projecto-analisis-20261\\K-GeoMIP\\src\\Method2_Dynamic_Programming_Reformulation\\.venv\\Lib\\site-packages\\comtypes\\gen\\__init__.py'>
2026-06-16 00:00:12,726 [comtypes.client._code_cache] INFO MainProcess: Using writeable comtypes cache directory: 'D:\Universidad\Analisis y Diseño de Algoritmos\Proyecto 2026-1\projecto-analisis-20261\K-GeoMIP\src\Method2_Dynamic_Programming_Reformulation\.venv\Lib\site-packages\comtypes\gen'
2026-06-16 00:55:24,881 [pyphi.conf] INFO MainProcess: PyPhi v1.2.0
2026-06-16 00:55:24,881 [pyphi.conf] INFO MainProcess: Loaded configuration from ['D:\\Universidad\\Analisis y Diseño de Algoritmos\\Proyecto 2026-1\\projecto-analisis-20261\\K-GeoMIP\\src\\Method2_Dynamic_Programming_Reformulation\\pyphi_config.yml']
2026-06-16 00:55:24,883 [pyphi.conf] INFO MainProcess: Current PyPhi configuration:
 { 'ASSUME_CUTS_CANNOT_CREATE_NEW_CONCEPTS': False,
  'CACHE_POTENTIAL_PURVIEWS': True,
  'CACHE_REPERTOIRES': True,
  'CACHE_SIAS': False,
  'CACHING_BACKEND': 'fs',
  'CLEAR_SUBSYSTEM_CACHES_AFTER_COMPUTING_SIA': False,
  'CUT_ONE_APPROXIMATION': False,
  'FS_CACHE_DIRECTORY': '__pyphi_cache__',
  'FS_CACHE_VERBOSITY': 0,
  'LOG_FILE': 'pyphi.log',
  'LOG_FILE_LEVEL': 'INFO',
  'LOG_STDOUT_LEVEL': 'WARNING',
  'MAXIMUM_CACHE_MEMORY_PERCENTAGE': 50,
  'MEASURE': 'EMD',
  'MONGODB_CONFIG': { 'collection_name': 'cache',
                      'database_name': 'pyphi',
                      'host': 'localhost',
                      'port': 27017},
  'NUMBER_OF_CORES': -1,
  'PARALLEL_COMPLEX_EVALUATION': False,
  'PARALLEL_CONCEPT_EVALUATION': False,
  'PARALLEL_CUT_EVALUATION': True,
  'PARTITION_TYPE': 'BI',
  'PICK_SMALLEST_PURVIEW': False,
  'PRECISION': 6,
  'PRINT_FRACTIONS': True,
  'PROGRESS_BARS': True,
  'REDIS_CACHE': False,
  'REDIS_CONFIG': {'db': 0, 'host': 'localhost', 'port': 6379, 'test_db': 1},
  'REPR_VERBOSITY': 2,
  'SINGLE_MICRO_NODES_WITH_SELFLOOPS_HAVE_PHI': False,
  'SYSTEM_CUTS': '3.0_STYLE',
  'USE_SMALL_PHI_DIFFERENCE_FOR_CES_DISTANCE': False,
  'VALIDATE_CONDITIONAL_INDEPENDENCE': True,
  'VALIDATE_SUBSYSTEM_STATES': True,
  'WELCOME_OFF': True}
2026-06-16 01:48:32,587 [comtypes.client._code_cache] INFO MainProcess: Imported existing <module 'comtypes.gen' from 'D:\\Universidad\\Analisis y Diseño de Algoritmos\\Proyecto 2026-1\\projecto-analisis-20261\\K-GeoMIP\\src\\Method2_Dynamic_Programming_Reformulation\\.venv\\Lib\\site-packages\\comtypes\\gen\\__init__.py'>
2026-06-16 01:48:32,587 [comtypes.client._code_cache] INFO MainProcess: Using writeable comtypes cache directory: 'D:\Universidad\Analisis y Diseño de Algoritmos\Proyecto 2026-1\projecto-analisis-20261\K-GeoMIP\src\Method2_Dynamic_Programming_Reformulation\.venv\Lib\site-packages\comtypes\gen'
2026-06-16 01:56:37,042 [pyphi.conf] INFO MainProcess: PyPhi v1.2.0
2026-06-16 01:56:37,042 [pyphi.conf] INFO MainProcess: Loaded configuration from ['D:\\Universidad\\Analisis y Diseño de Algoritmos\\Proyecto 2026-1\\projecto-analisis-20261\\K-GeoMIP\\src\\Method2_Dynamic_Programming_Reformulation\\pyphi_config.yml']
2026-06-16 01:56:37,045 [pyphi.conf] INFO MainProcess: Current PyPhi configuration:
 { 'ASSUME_CUTS_CANNOT_CREATE_NEW_CONCEPTS': False,
  'CACHE_POTENTIAL_PURVIEWS': True,
  'CACHE_REPERTOIRES': True,
  'CACHE_SIAS': False,
  'CACHING_BACKEND': 'fs',
  'CLEAR_SUBSYSTEM_CACHES_AFTER_COMPUTING_SIA': False,
  'CUT_ONE_APPROXIMATION': False,
  'FS_CACHE_DIRECTORY': '__pyphi_cache__',
  'FS_CACHE_VERBOSITY': 0,
  'LOG_FILE': 'pyphi.log',
  'LOG_FILE_LEVEL': 'INFO',
  'LOG_STDOUT_LEVEL': 'WARNING',
  'MAXIMUM_CACHE_MEMORY_PERCENTAGE': 50,
  'MEASURE': 'EMD',
  'MONGODB_CONFIG': { 'collection_name': 'cache',
                      'database_name': 'pyphi',
                      'host': 'localhost',
                      'port': 27017},
  'NUMBER_OF_CORES': -1,
  'PARALLEL_COMPLEX_EVALUATION': False,
  'PARALLEL_CONCEPT_EVALUATION': False,
  'PARALLEL_CUT_EVALUATION': True,
  'PARTITION_TYPE': 'BI',
  'PICK_SMALLEST_PURVIEW': False,
  'PRECISION': 6,
  'PRINT_FRACTIONS': True,
  'PROGRESS_BARS': True,
  'REDIS_CACHE': False,
  'REDIS_CONFIG': {'db': 0, 'host': 'localhost', 'port': 6379, 'test_db': 1},
  'REPR_VERBOSITY': 2,
  'SINGLE_MICRO_NODES_WITH_SELFLOOPS_HAVE_PHI': False,
  'SYSTEM_CUTS': '3.0_STYLE',
  'USE_SMALL_PHI_DIFFERENCE_FOR_CES_DISTANCE': False,
  'VALIDATE_CONDITIONAL_INDEPENDENCE': True,
  'VALIDATE_SUBSYSTEM_STATES': True,
  'WELCOME_OFF': True}
2026-06-16 01:57:40,253 [comtypes.client._code_cache] INFO MainProcess: Imported existing <module 'comtypes.gen' from 'D:\\Universidad\\Analisis y Diseño de Algoritmos\\Proyecto 2026-1\\projecto-analisis-20261\\K-GeoMIP\\src\\Method2_Dynamic_Programming_Reformulation\\.venv\\Lib\\site-packages\\comtypes\\gen\\__init__.py'>
2026-06-16 01:57:40,254 [comtypes.client._code_cache] INFO MainProcess: Using writeable comtypes cache directory: 'D:\Universidad\Analisis y Diseño de Algoritmos\Proyecto 2026-1\projecto-analisis-20261\K-GeoMIP\src\Method2_Dynamic_Programming_Reformulation\.venv\Lib\site-packages\comtypes\gen'
2026-06-16 02:07:26,027 [pyphi.conf] INFO MainProcess: PyPhi v1.2.0
2026-06-16 02:07:26,027 [pyphi.conf] INFO MainProcess: Loaded configuration from ['D:\\Universidad\\Analisis y Diseño de Algoritmos\\Proyecto 2026-1\\projecto-analisis-20261\\K-GeoMIP\\src\\Method2_Dynamic_Programming_Reformulation\\pyphi_config.yml']
2026-06-16 02:07:26,027 [pyphi.conf] INFO MainProcess: Current PyPhi configuration:
 { 'ASSUME_CUTS_CANNOT_CREATE_NEW_CONCEPTS': False,
  'CACHE_POTENTIAL_PURVIEWS': True,
  'CACHE_REPERTOIRES': True,
  'CACHE_SIAS': False,
  'CACHING_BACKEND': 'fs',
  'CLEAR_SUBSYSTEM_CACHES_AFTER_COMPUTING_SIA': False,
  'CUT_ONE_APPROXIMATION': False,
  'FS_CACHE_DIRECTORY': '__pyphi_cache__',
  'FS_CACHE_VERBOSITY': 0,
  'LOG_FILE': 'pyphi.log',
  'LOG_FILE_LEVEL': 'INFO',
  'LOG_STDOUT_LEVEL': 'WARNING',
  'MAXIMUM_CACHE_MEMORY_PERCENTAGE': 50,
  'MEASURE': 'EMD',
  'MONGODB_CONFIG': { 'collection_name': 'cache',
                      'database_name': 'pyphi',
                      'host': 'localhost',
                      'port': 27017},
  'NUMBER_OF_CORES': -1,
  'PARALLEL_COMPLEX_EVALUATION': False,
  'PARALLEL_CONCEPT_EVALUATION': False,
  'PARALLEL_CUT_EVALUATION': True,
  'PARTITION_TYPE': 'BI',
  'PICK_SMALLEST_PURVIEW': False,
  'PRECISION': 6,
  'PRINT_FRACTIONS': True,
  'PROGRESS_BARS': True,
  'REDIS_CACHE': False,
  'REDIS_CONFIG': {'db': 0, 'host': 'localhost', 'port': 6379, 'test_db': 1},
  'REPR_VERBOSITY': 2,
  'SINGLE_MICRO_NODES_WITH_SELFLOOPS_HAVE_PHI': False,
  'SYSTEM_CUTS': '3.0_STYLE',
  'USE_SMALL_PHI_DIFFERENCE_FOR_CES_DISTANCE': False,
  'VALIDATE_CONDITIONAL_INDEPENDENCE': True,
  'VALIDATE_SUBSYSTEM_STATES': True,
  'WELCOME_OFF': True}
2026-06-16 02:13:08,407 [comtypes.client._code_cache] INFO MainProcess: Imported existing <module 'comtypes.gen' from 'D:\\Universidad\\Analisis y Diseño de Algoritmos\\Proyecto 2026-1\\projecto-analisis-20261\\K-GeoMIP\\src\\Method2_Dynamic_Programming_Reformulation\\.venv\\Lib\\site-packages\\comtypes\\gen\\__init__.py'>
2026-06-16 02:13:08,410 [comtypes.client._code_cache] INFO MainProcess: Using writeable comtypes cache directory: 'D:\Universidad\Analisis y Diseño de Algoritmos\Proyecto 2026-1\projecto-analisis-20261\K-GeoMIP\src\Method2_Dynamic_Programming_Reformulation\.venv\Lib\site-packages\comtypes\gen'
